Timestamp,ScriptBlockId,Script_Path,Max_Rule_Level,Wazuh_Verdict,True_Label,Status_Evaluasi,Rule_Info
2026-07-06T02:29:15.456+0000,d6e5f962-af97-44c0-88cf-ea110df6ba00,C:\\TA\\project-ta\\data_spliting\\test_set_obf\\String_Concatenation\\malicious\\1012.ps1,10,Malicious,Malicious,TP,Rule 91809: Powershell script may be using Base64 decoding method
2026-07-06T02:29:20.021+0000,21c5f979-8641-488a-9df3-9f36e0aa16b9,C:\\TA\\project-ta\\data_spliting\\test_set_obf\\String_Concatenation\\malicious\\1043.ps1,10,Malicious,Malicious,TP,Rule 91810: Powershell script may be executing suspicious code with CreateThread API
2026-07-06T02:29:21.405+0000,887207f9-6f2e-4e18-8ac4-0019d8635119,C:\\TA\\project-ta\\data_spliting\\test_set_obf\\String_Concatenation\\malicious\\1047.ps1,10,Malicious,Malicious,TP,Rule 91810: Powershell script may be executing suspicious code with CreateThread API
2026-07-06T02:29:22.417+0000,49c0956a-4e9d-4705-986e-3a65fb9f4256,C:\\TA\\project-ta\\data_spliting\\test_set_obf\\String_Concatenation\\malicious\\1056.ps1,10,Malicious,Malicious,TP,Rule 91810: Powershell script may be executing suspicious code with CreateThread API
2026-07-06T02:29:23.831+0000,09c9d6b1-e50c-4f93-ae8f-a3313ff937c8,C:\\TA\\project-ta\\data_spliting\\test_set_obf\\String_Concatenation\\malicious\\1060.ps1,10,Malicious,Malicious,TP,Rule 91810: Powershell script may be executing suspicious code with CreateThread API
2026-07-06T02:29:25.398+0000,c32420b3-adc3-4ce7-baaa-cea2153b4fcf,C:\\TA\\project-ta\\data_spliting\\test_set_obf\\String_Concatenation\\malicious\\1069.ps1,10,Malicious,Malicious,TP,Rule 91810: Powershell script may be executing suspicious code with CreateThread API
2026-07-06T02:29:27.902+0000,770fe0f5-e146-436a-b5ad-78c14250a269,C:\\TA\\project-ta\\data_spliting\\test_set_obf\\String_Concatenation\\malicious\\1086.ps1,10,Malicious,Malicious,TP,Rule 91810: Powershell script may be executing suspicious code with CreateThread API
2026-07-06T02:29:27.999+0000,1d72bd37-fe4c-4051-813d-a8c181569ebd,C:\\TA\\project-ta\\data_spliting\\test_set_obf\\String_Concatenation\\malicious\\1089.ps1,10,Malicious,Malicious,TP,Rule 91810: Powershell script may be executing suspicious code with CreateThread API
2026-07-06T02:29:31.946+0000,cebc6a6c-7ca6-4d1f-900e-f7baa0f4a876,C:\\TA\\project-ta\\data_spliting\\test_set_obf\\String_Concatenation\\malicious\\1113.ps1,10,Malicious,Malicious,TP,Rule 91810: Powershell script may be executing suspicious code with CreateThread API
2026-07-06T02:29:31.985+0000,c4be80ca-19b5-466b-8132-b14c6d727804,C:\\TA\\project-ta\\data_spliting\\test_set_obf\\String_Concatenation\\malicious\\1115.ps1,10,Malicious,Malicious,TP,Rule 91810: Powershell script may be executing suspicious code with CreateThread API
2026-07-06T02:29:34.469+0000,726b8ef9-05ad-4531-a50b-15975d30f03b,C:\\TA\\project-ta\\data_spliting\\test_set_obf\\String_Concatenation\\malicious\\1136.ps1,10,Malicious,Malicious,TP,Rule 91810: Powershell script may be executing suspicious code with CreateThread API
2026-07-06T02:29:35.892+0000,a58daa86-f2e4-4ac4-af25-1d4b40f5c16e,C:\\TA\\project-ta\\data_spliting\\test_set_obf\\String_Concatenation\\malicious\\1144.ps1,10,Malicious,Malicious,TP,Rule 91810: Powershell script may be executing suspicious code with CreateThread API
2026-07-06T02:29:36.845+0000,857b3e67-d436-4403-a37c-d751654b23b9,C:\\TA\\project-ta\\data_spliting\\test_set_obf\\String_Concatenation\\malicious\\1148.ps1,10,Malicious,Malicious,TP,Rule 91810: Powershell script may be executing suspicious code with CreateThread API
2026-07-06T02:29:36.908+0000,aa1feb32-4d04-43ed-af31-5645cb832717,C:\\TA\\project-ta\\data_spliting\\test_set_obf\\String_Concatenation\\malicious\\1154.ps1,10,Malicious,Malicious,TP,Rule 91810: Powershell script may be executing suspicious code with CreateThread API
2026-07-06T02:29:39.389+0000,585d67eb-59e2-450d-8df4-bcab9b2e929d,C:\\TA\\project-ta\\data_spliting\\test_set_obf\\String_Concatenation\\malicious\\1178.ps1,10,Malicious,Malicious,TP,Rule 91810: Powershell script may be executing suspicious code with CreateThread API
2026-07-06T02:29:40.859+0000,958500da-421a-4ea4-9a6c-adf575ac761c,C:\\TA\\project-ta\\data_spliting\\test_set_obf\\String_Concatenation\\malicious\\1180.ps1,10,Malicious,Malicious,TP,Rule 91810: Powershell script may be executing suspicious code with CreateThread API
2026-07-06T02:29:41.851+0000,e08d5a47-396f-47a7-8177-c6832b5986a1,C:\\TA\\project-ta\\data_spliting\\test_set_obf\\String_Concatenation\\malicious\\1181.ps1,10,Malicious,Malicious,TP,Rule 91810: Powershell script may be executing suspicious code with CreateThread API
2026-07-06T02:29:43.348+0000,021251d3-e059-4705-bd03-d28f079494d5,C:\\TA\\project-ta\\data_spliting\\test_set_obf\\String_Concatenation\\malicious\\1196.ps1,10,Malicious,Malicious,TP,Rule 91810: Powershell script may be executing suspicious code with CreateThread API
2026-07-06T02:29:44.321+0000,8d85fd2d-f521-47b1-9fa2-730669a3a014,C:\\TA\\project-ta\\data_spliting\\test_set_obf\\String_Concatenation\\malicious\\1203.ps1,10,Malicious,Malicious,TP,Rule 91810: Powershell script may be executing suspicious code with CreateThread API
2026-07-06T02:29:46.711+0000,7ad9f8e7-edac-447d-99d7-50090ea271a0,C:\\TA\\project-ta\\data_spliting\\test_set_obf\\String_Concatenation\\malicious\\1241.ps1,10,Malicious,Malicious,TP,Rule 91810: Powershell script may be executing suspicious code with CreateThread API
2026-07-06T02:29:48.022+0000,0726102e-1e08-4583-9959-ec664df1b10f,C:\\TA\\project-ta\\data_spliting\\test_set_obf\\String_Concatenation\\malicious\\1249.ps1,10,Malicious,Malicious,TP,Rule 91810: Powershell script may be executing suspicious code with CreateThread API
2026-07-06T02:29:49.103+0000,6ef0b472-88e5-4d11-8652-1b58470e5a03,C:\\TA\\project-ta\\data_spliting\\test_set_obf\\String_Concatenation\\malicious\\128.ps1,10,Malicious,Malicious,TP,Rule 91810: Powershell script may be executing suspicious code with CreateThread API
2026-07-06T02:29:49.219+0000,3001397d-9085-47d9-8b85-857fba36fc83,C:\\TA\\project-ta\\data_spliting\\test_set_obf\\String_Concatenation\\malicious\\1282.ps1,10,Malicious,Malicious,TP,Rule 91810: Powershell script may be executing suspicious code with CreateThread API
2026-07-06T02:29:50.702+0000,5d8d448c-0b34-4ebc-8cf0-be6395edfa5e,C:\\TA\\project-ta\\data_spliting\\test_set_obf\\String_Concatenation\\malicious\\1283.ps1,10,Malicious,Malicious,TP,Rule 91810: Powershell script may be executing suspicious code with CreateThread API
2026-07-06T02:29:51.665+0000,7e7852a4-41c6-4098-88d0-86323e9348fe,C:\\TA\\project-ta\\data_spliting\\test_set_obf\\String_Concatenation\\malicious\\1286.ps1,10,Malicious,Malicious,TP,Rule 91810: Powershell script may be executing suspicious code with CreateThread API
2026-07-06T02:29:53.078+0000,d8d404ad-9e5e-4140-b0dd-8363f8865a19,C:\\TA\\project-ta\\data_spliting\\test_set_obf\\String_Concatenation\\malicious\\1299.ps1,10,Malicious,Malicious,TP,Rule 91810: Powershell script may be executing suspicious code with CreateThread API
2026-07-06T02:29:53.104+0000,8b85dff8-ea8e-4fbb-a43f-d6954dd83221,C:\\TA\\project-ta\\data_spliting\\test_set_obf\\String_Concatenation\\malicious\\13.ps1,10,Malicious,Malicious,TP,Rule 91810: Powershell script may be executing suspicious code with CreateThread API
2026-07-06T02:29:56.476+0000,5eeb7ad6-5e02-48fc-ab9d-fe78db6e6005,C:\\TA\\project-ta\\data_spliting\\test_set_obf\\String_Concatenation\\malicious\\1348.ps1,10,Malicious,Malicious,TP,Rule 91810: Powershell script may be executing suspicious code with CreateThread API
2026-07-06T02:29:56.626+0000,518dbf25-1806-4680-af12-ee6191679047,C:\\TA\\project-ta\\data_spliting\\test_set_obf\\String_Concatenation\\malicious\\1354.ps1,10,Malicious,Malicious,TP,Rule 91810: Powershell script may be executing suspicious code with CreateThread API
2026-07-06T02:30:02.808+0000,2ca10f75-545e-4de3-819c-c00d28cac4f1,C:\\TA\\project-ta\\data_spliting\\test_set_obf\\String_Concatenation\\malicious\\140.ps1,10,Malicious,Malicious,TP,Rule 91810: Powershell script may be executing suspicious code with CreateThread API
2026-07-06T02:30:02.868+0000,14730b65-afff-46bd-8d8f-83f7630acc8e,C:\\TA\\project-ta\\data_spliting\\test_set_obf\\String_Concatenation\\malicious\\1405.ps1,4,Benign,Malicious,FN,"Rule 91837: Powershell executed ""Get-Content -Stream or Invoke-Expresion"". Possible string execution as code"
2026-07-06T02:30:04.253+0000,4ca022c7-90de-47f7-9d8c-c37a4aeb2d8e,C:\\TA\\project-ta\\data_spliting\\test_set_obf\\String_Concatenation\\malicious\\1421.ps1,10,Malicious,Malicious,TP,Rule 91810: Powershell script may be executing suspicious code with CreateThread API
2026-07-06T02:30:05.169+0000,17246821-f8d8-42a9-9380-dc4c3d1a39af,C:\\TA\\project-ta\\data_spliting\\test_set_obf\\String_Concatenation\\malicious\\1429.ps1,10,Malicious,Malicious,TP,Rule 91810: Powershell script may be executing suspicious code with CreateThread API
2026-07-06T02:30:06.560+0000,5d95e66b-2463-43ab-a6a3-b25a248edce9,C:\\TA\\project-ta\\data_spliting\\test_set_obf\\String_Concatenation\\malicious\\1440.ps1,10,Malicious,Malicious,TP,Rule 91810: Powershell script may be executing suspicious code with CreateThread API
2026-07-06T02:30:07.527+0000,9c2b40c7-4631-4444-a092-b16e28b32823,C:\\TA\\project-ta\\data_spliting\\test_set_obf\\String_Concatenation\\malicious\\1451.ps1,10,Malicious,Malicious,TP,Rule 91810: Powershell script may be executing suspicious code with CreateThread API
2026-07-06T02:30:08.884+0000,fe65ee51-7f36-4ff4-9f4f-814edef2d134,C:\\TA\\project-ta\\data_spliting\\test_set_obf\\String_Concatenation\\malicious\\1463.ps1,10,Malicious,Malicious,TP,Rule 91810: Powershell script may be executing suspicious code with CreateThread API
2026-07-06T02:30:16.142+0000,cd3ca21a-d37f-4de9-8d86-55460b54f560,C:\\TA\\project-ta\\data_spliting\\test_set_obf\\String_Concatenation\\malicious\\1514.ps1,10,Malicious,Malicious,TP,Rule 91810: Powershell script may be executing suspicious code with CreateThread API
2026-07-06T02:30:20.961+0000,b96133b5-5338-4268-b3ef-899aa00a3164,C:\\TA\\project-ta\\data_spliting\\test_set_obf\\String_Concatenation\\malicious\\1588.ps1,10,Malicious,Malicious,TP,Rule 91810: Powershell script may be executing suspicious code with CreateThread API
2026-07-06T02:30:21.947+0000,38c6af62-85f6-446b-97ed-3486026249b6,C:\\TA\\project-ta\\data_spliting\\test_set_obf\\String_Concatenation\\malicious\\1590.ps1,10,Malicious,Malicious,TP,Rule 91810: Powershell script may be executing suspicious code with CreateThread API
2026-07-06T02:30:34.913+0000,bb1ebce6-aee4-4e66-b915-0786e8a76eec,C:\\TA\\project-ta\\data_spliting\\test_set_obf\\String_Concatenation\\malicious\\1733.ps1,10,Malicious,Malicious,TP,Rule 91810: Powershell script may be executing suspicious code with CreateThread API
2026-07-06T02:30:36.417+0000,7ad6ce63-2aaa-4bf9-a2bf-8b0a77a25cfe,C:\\TA\\project-ta\\data_spliting\\test_set_obf\\String_Concatenation\\malicious\\1741.ps1,10,Malicious,Malicious,TP,Rule 91810: Powershell script may be executing suspicious code with CreateThread API
2026-07-06T02:30:38.778+0000,b4330877-8e22-40d7-a744-8f5e7958bb1e,C:\\TA\\project-ta\\data_spliting\\test_set_obf\\String_Concatenation\\malicious\\1784.ps1,10,Malicious,Malicious,TP,Rule 91810: Powershell script may be executing suspicious code with CreateThread API
2026-07-06T02:30:39.798+0000,7a520e64-5ace-470a-96ca-2121fab8929e,C:\\TA\\project-ta\\data_spliting\\test_set_obf\\String_Concatenation\\malicious\\1799.ps1,10,Malicious,Malicious,TP,Rule 91810: Powershell script may be executing suspicious code with CreateThread API
2026-07-06T02:30:39.903+0000,7ad852b7-ec37-4060-b247-8c9a00a61653,C:\\TA\\project-ta\\data_spliting\\test_set_obf\\String_Concatenation\\malicious\\1810.ps1,10,Malicious,Malicious,TP,Rule 91810: Powershell script may be executing suspicious code with CreateThread API
2026-07-06T02:30:43.936+0000,1838a9f7-74ae-4850-ad46-b95b20fb8c7d,C:\\TA\\project-ta\\data_spliting\\test_set_obf\\String_Concatenation\\malicious\\183.ps1,10,Malicious,Malicious,TP,Rule 91810: Powershell script may be executing suspicious code with CreateThread API
2026-07-06T02:30:44.083+0000,037f4afa-9c1a-4a48-99d4-78095c3f06b5,C:\\TA\\project-ta\\data_spliting\\test_set_obf\\String_Concatenation\\malicious\\1834.ps1,10,Malicious,Malicious,TP,Rule 91810: Powershell script may be executing suspicious code with CreateThread API
2026-07-06T02:30:46.294+0000,a54c51c8-4fde-47d8-847b-e09b10b3447b,C:\\TA\\project-ta\\data_spliting\\test_set_obf\\String_Concatenation\\malicious\\184.ps1,10,Malicious,Malicious,TP,Rule 91810: Powershell script may be executing suspicious code with CreateThread API
2026-07-06T02:30:46.384+0000,98a9e744-abb9-4ee9-a0ec-c18ca7aa48ce,C:\\TA\\project-ta\\data_spliting\\test_set_obf\\String_Concatenation\\malicious\\1870.ps1,10,Malicious,Malicious,TP,Rule 91810: Powershell script may be executing suspicious code with CreateThread API
2026-07-06T02:30:47.684+0000,4724ccd6-2e1f-472b-96d2-25abc4211aad,C:\\TA\\project-ta\\data_spliting\\test_set_obf\\String_Concatenation\\malicious\\1888.ps1,4,Benign,Malicious,FN,"Rule 91837: Powershell executed ""Get-Content -Stream or Invoke-Expresion"". Possible string execution as code"
2026-07-06T02:30:48.634+0000,2095e097-530d-4a7e-8206-caf0cccd2f0f,C:\\TA\\project-ta\\data_spliting\\test_set_obf\\String_Concatenation\\malicious\\1889.ps1,10,Malicious,Malicious,TP,Rule 91810: Powershell script may be executing suspicious code with CreateThread API
2026-07-06T02:30:50.085+0000,3aa8a4f5-c516-4c06-8ad2-79fc4146075a,C:\\TA\\project-ta\\data_spliting\\test_set_obf\\String_Concatenation\\malicious\\1898.ps1,10,Malicious,Malicious,TP,Rule 91810: Powershell script may be executing suspicious code with CreateThread API
2026-07-06T02:30:51.032+0000,edb962dd-a55c-44a2-9186-bc49098f853f,C:\\TA\\project-ta\\data_spliting\\test_set_obf\\String_Concatenation\\malicious\\1903.ps1,10,Malicious,Malicious,TP,Rule 91810: Powershell script may be executing suspicious code with CreateThread API
2026-07-06T02:30:51.125+0000,e40572fa-6dbf-43f1-aa2c-476b19c898a5,C:\\TA\\project-ta\\data_spliting\\test_set_obf\\String_Concatenation\\malicious\\1917.ps1,10,Malicious,Malicious,TP,Rule 91810: Powershell script may be executing suspicious code with CreateThread API
2026-07-06T02:30:52.447+0000,387b0825-202c-40f9-9df4-fd856da7b94c,C:\\TA\\project-ta\\data_spliting\\test_set_obf\\String_Concatenation\\malicious\\193.ps1,10,Malicious,Malicious,TP,Rule 91810: Powershell script may be executing suspicious code with CreateThread API
2026-07-06T02:30:53.395+0000,328506ed-5fb3-48dd-90ee-3a54ac43f0b3,C:\\TA\\project-ta\\data_spliting\\test_set_obf\\String_Concatenation\\malicious\\1935.ps1,10,Malicious,Malicious,TP,Rule 91810: Powershell script may be executing suspicious code with CreateThread API
2026-07-06T02:30:53.469+0000,68aab476-56ae-4f7d-a975-aa79bc307ac2,C:\\TA\\project-ta\\data_spliting\\test_set_obf\\String_Concatenation\\malicious\\1975.ps1,10,Malicious,Malicious,TP,Rule 91810: Powershell script may be executing suspicious code with CreateThread API
2026-07-06T02:30:54.837+0000,956fc4ef-7f9e-4c8b-9dfa-844be83e837d,C:\\TA\\project-ta\\data_spliting\\test_set_obf\\String_Concatenation\\malicious\\1985.ps1,10,Malicious,Malicious,TP,Rule 91810: Powershell script may be executing suspicious code with CreateThread API
2026-07-06T02:30:55.861+0000,0e283499-faba-499c-855e-bf59a85e7f10,C:\\TA\\project-ta\\data_spliting\\test_set_obf\\String_Concatenation\\malicious\\199.ps1,10,Malicious,Malicious,TP,Rule 91810: Powershell script may be executing suspicious code with CreateThread API
2026-07-06T02:30:55.970+0000,69fbaa9c-d49f-4627-a3cb-f4a4bc65bd31,C:\\TA\\project-ta\\data_spliting\\test_set_obf\\String_Concatenation\\malicious\\1999.ps1,10,Malicious,Malicious,TP,Rule 91810: Powershell script may be executing suspicious code with CreateThread API
2026-07-06T02:30:57.421+0000,237ae56d-5cf5-405a-b0e1-f3db8bb1bf97,C:\\TA\\project-ta\\data_spliting\\test_set_obf\\String_Concatenation\\malicious\\2007.ps1,10,Malicious,Malicious,TP,Rule 91809: Powershell script may be using Base64 decoding method
2026-07-06T02:30:58.373+0000,0f637602-e629-4e49-b64e-e0358d07bc7d,C:\\TA\\project-ta\\data_spliting\\test_set_obf\\String_Concatenation\\malicious\\2022.ps1,10,Malicious,Malicious,TP,Rule 91810: Powershell script may be executing suspicious code with CreateThread API
2026-07-06T02:30:59.781+0000,fbd163df-a189-4c42-bce0-aa9be7a7c2a4,C:\\TA\\project-ta\\data_spliting\\test_set_obf\\String_Concatenation\\malicious\\2023.ps1,10,Malicious,Malicious,TP,Rule 91810: Powershell script may be executing suspicious code with CreateThread API
2026-07-06T02:31:00.798+0000,0ebacc6b-175b-430a-97da-b670101503d4,C:\\TA\\project-ta\\data_spliting\\test_set_obf\\String_Concatenation\\malicious\\2028.ps1,10,Malicious,Malicious,TP,Rule 91810: Powershell script may be executing suspicious code with CreateThread API
2026-07-06T02:31:02.135+0000,5730baba-b0f6-4c36-baf5-ce93fdca895f,C:\\TA\\project-ta\\data_spliting\\test_set_obf\\String_Concatenation\\malicious\\2047.ps1,4,Benign,Malicious,FN,"Rule 91837: Powershell executed ""Get-Content -Stream or Invoke-Expresion"". Possible string execution as code"
2026-07-06T02:31:02.229+0000,97ed051d-2a1f-442d-bf06-a9d355e3a70d,C:\\TA\\project-ta\\data_spliting\\test_set_obf\\String_Concatenation\\malicious\\205.ps1,4,Benign,Malicious,FN,Rule 91815: Powershell executing process discovery
2026-07-06T02:31:04.482+0000,9098d0b1-00e7-4c67-ae4e-d02b3d639702,C:\\TA\\project-ta\\data_spliting\\test_set_obf\\String_Concatenation\\malicious\\2065.ps1,10,Malicious,Malicious,TP,Rule 91810: Powershell script may be executing suspicious code with CreateThread API
2026-07-06T02:31:05.456+0000,791c901c-5bca-4325-8f71-f43fd6c285cc,C:\\TA\\project-ta\\data_spliting\\test_set_obf\\String_Concatenation\\malicious\\2067.ps1,10,Malicious,Malicious,TP,Rule 91810: Powershell script may be executing suspicious code with CreateThread API
2026-07-06T02:31:05.523+0000,8db80ae4-58cf-43b5-a79e-79ed1c26bb84,C:\\TA\\project-ta\\data_spliting\\test_set_obf\\String_Concatenation\\malicious\\2073.ps1,10,Malicious,Malicious,TP,Rule 91810: Powershell script may be executing suspicious code with CreateThread API
2026-07-06T02:31:07.015+0000,2746e413-8c25-4479-8790-e45a1374a100,C:\\TA\\project-ta\\data_spliting\\test_set_obf\\String_Concatenation\\malicious\\2074.ps1,10,Malicious,Malicious,TP,Rule 91810: Powershell script may be executing suspicious code with CreateThread API
2026-07-06T02:31:07.944+0000,a0d7510c-fe1f-4e95-8884-f8364fe37e53,C:\\TA\\project-ta\\data_spliting\\test_set_obf\\String_Concatenation\\malicious\\2076.ps1,10,Malicious,Malicious,TP,Rule 91810: Powershell script may be executing suspicious code with CreateThread API
2026-07-06T02:31:08.006+0000,65ee9882-a404-4a8b-ba67-af536def249c,C:\\TA\\project-ta\\data_spliting\\test_set_obf\\String_Concatenation\\malicious\\2080.ps1,10,Malicious,Malicious,TP,Rule 91809: Powershell script may be using Base64 decoding method
2026-07-06T02:31:09.550+0000,d33b26dd-f3f7-41fe-913d-a8602da31949,C:\\TA\\project-ta\\data_spliting\\test_set_obf\\String_Concatenation\\malicious\\2095.ps1,10,Malicious,Malicious,TP,Rule 91810: Powershell script may be executing suspicious code with CreateThread API
2026-07-06T02:31:10.460+0000,1c3e4893-5e43-430b-bbad-dedf9dec7f79,C:\\TA\\project-ta\\data_spliting\\test_set_obf\\String_Concatenation\\malicious\\2096.ps1,10,Malicious,Malicious,TP,Rule 91810: Powershell script may be executing suspicious code with CreateThread API
2026-07-06T02:31:11.884+0000,2ac26c6a-c780-447e-8df1-d68f57b88439,C:\\TA\\project-ta\\data_spliting\\test_set_obf\\String_Concatenation\\malicious\\2098.ps1,10,Malicious,Malicious,TP,Rule 91810: Powershell script may be executing suspicious code with CreateThread API
2026-07-06T02:31:12.869+0000,2d371e2f-88d7-4aa9-b546-07132ac4c699,C:\\TA\\project-ta\\data_spliting\\test_set_obf\\String_Concatenation\\malicious\\2100.ps1,10,Malicious,Malicious,TP,Rule 91810: Powershell script may be executing suspicious code with CreateThread API
2026-07-06T02:31:12.937+0000,e467ca83-1f03-4d34-aa73-5d0f17d35198,C:\\TA\\project-ta\\data_spliting\\test_set_obf\\String_Concatenation\\malicious\\2111.ps1,10,Malicious,Malicious,TP,Rule 91810: Powershell script may be executing suspicious code with CreateThread API
2026-07-06T02:31:14.309+0000,1fabb9a1-4f6a-40a3-9f35-3c230a6fca43,C:\\TA\\project-ta\\data_spliting\\test_set_obf\\String_Concatenation\\malicious\\2116.ps1,10,Malicious,Malicious,TP,Rule 91810: Powershell script may be executing suspicious code with CreateThread API
2026-07-06T02:31:15.306+0000,6ed4286c-99f8-4c99-a9ab-579cdb51d8dc,C:\\TA\\project-ta\\data_spliting\\test_set_obf\\String_Concatenation\\malicious\\212.ps1,10,Malicious,Malicious,TP,Rule 91810: Powershell script may be executing suspicious code with CreateThread API
2026-07-06T02:31:15.338+0000,70b9851c-f4af-406b-b1ba-81f246977d42,C:\\TA\\project-ta\\data_spliting\\test_set_obf\\String_Concatenation\\malicious\\2130.ps1,10,Malicious,Malicious,TP,Rule 91810: Powershell script may be executing suspicious code with CreateThread API
2026-07-06T02:31:19.463+0000,e5683718-2524-46b4-9654-b0ab9b3efcc9,C:\\TA\\project-ta\\data_spliting\\test_set_obf\\String_Concatenation\\malicious\\2219.ps1,10,Malicious,Malicious,TP,Rule 91810: Powershell script may be executing suspicious code with CreateThread API
2026-07-06T02:31:23.369+0000,e331ae31-e339-4b84-94f8-902874c0c345,C:\\TA\\project-ta\\data_spliting\\test_set_obf\\String_Concatenation\\malicious\\2267.ps1,10,Malicious,Malicious,TP,Rule 91810: Powershell script may be executing suspicious code with CreateThread API
2026-07-06T02:31:24.392+0000,2948468d-f106-4662-864c-be3537c695c5,C:\\TA\\project-ta\\data_spliting\\test_set_obf\\String_Concatenation\\malicious\\2269.ps1,10,Malicious,Malicious,TP,Rule 91810: Powershell script may be executing suspicious code with CreateThread API
2026-07-06T02:31:24.490+0000,c218bff1-66d4-4f9d-baa4-f25c5c229c4c,C:\\TA\\project-ta\\data_spliting\\test_set_obf\\String_Concatenation\\malicious\\2287.ps1,10,Malicious,Malicious,TP,Rule 91809: Powershell script may be using Base64 decoding method
2026-07-06T02:31:25.785+0000,61709aa8-ab41-45a7-8a2a-e7c0f42395d1,C:\\TA\\project-ta\\data_spliting\\test_set_obf\\String_Concatenation\\malicious\\2290.ps1,4,Benign,Malicious,FN,"Rule 91837: Powershell executed ""Get-Content -Stream or Invoke-Expresion"". Possible string execution as code"
2026-07-06T02:31:26.723+0000,71b30e31-bfc5-45d3-93dd-5f58ad730e87,C:\\TA\\project-ta\\data_spliting\\test_set_obf\\String_Concatenation\\malicious\\2310.ps1,10,Malicious,Malicious,TP,Rule 91810: Powershell script may be executing suspicious code with CreateThread API
2026-07-06T02:31:28.083+0000,5daf4297-ddc7-454c-a34d-2a8a22ba0eaa,C:\\TA\\project-ta\\data_spliting\\test_set_obf\\String_Concatenation\\malicious\\2356.ps1,10,Malicious,Malicious,TP,Rule 91810: Powershell script may be executing suspicious code with CreateThread API
2026-07-06T02:31:28.097+0000,73439c2f-0c19-4e40-9d42-0ced6141eb21,C:\\TA\\project-ta\\data_spliting\\test_set_obf\\String_Concatenation\\malicious\\2358.ps1,10,Malicious,Malicious,TP,Rule 91810: Powershell script may be executing suspicious code with CreateThread API
2026-07-06T02:31:29.158+0000,bdf0b056-f4cd-4867-903a-632fd73f6d51,C:\\TA\\project-ta\\data_spliting\\test_set_obf\\String_Concatenation\\malicious\\2374.ps1,10,Malicious,Malicious,TP,Rule 91810: Powershell script may be executing suspicious code with CreateThread API
2026-07-06T02:31:30.648+0000,c6add1ce-aaba-4ac9-a40c-86a7e9e0f241,C:\\TA\\project-ta\\data_spliting\\test_set_obf\\String_Concatenation\\malicious\\2382.ps1,10,Malicious,Malicious,TP,Rule 91809: Powershell script may be using Base64 decoding method
2026-07-06T02:31:33.127+0000,257cd133-d17f-4d4a-98d8-0a72ac74ffff,C:\\TA\\project-ta\\data_spliting\\test_set_obf\\String_Concatenation\\malicious\\2416.ps1,10,Malicious,Malicious,TP,Rule 91810: Powershell script may be executing suspicious code with CreateThread API
2026-07-06T02:31:34.404+0000,49bad755-d036-4973-a6e7-fb19ebb1b4d1,C:\\TA\\project-ta\\data_spliting\\test_set_obf\\String_Concatenation\\malicious\\2417.ps1,10,Malicious,Malicious,TP,Rule 91810: Powershell script may be executing suspicious code with CreateThread API
2026-07-06T02:31:35.372+0000,02852ae1-92fb-4c85-b4b3-7d3bca5c9ea6,C:\\TA\\project-ta\\data_spliting\\test_set_obf\\String_Concatenation\\malicious\\242.ps1,10,Malicious,Malicious,TP,Rule 91810: Powershell script may be executing suspicious code with CreateThread API
2026-07-06T02:31:40.235+0000,5c390f54-7e24-460f-9802-e3456a6be67e,C:\\TA\\project-ta\\data_spliting\\test_set_obf\\String_Concatenation\\malicious\\2486.ps1,10,Malicious,Malicious,TP,Rule 91810: Powershell script may be executing suspicious code with CreateThread API
2026-07-06T02:31:40.327+0000,7d93d3b2-313e-48b2-88e0-bae82cc575be,C:\\TA\\project-ta\\data_spliting\\test_set_obf\\String_Concatenation\\malicious\\2492.ps1,10,Malicious,Malicious,TP,Rule 91810: Powershell script may be executing suspicious code with CreateThread API
2026-07-06T02:31:42.719+0000,9cd00e0c-5807-4de4-97ff-78c8693bb99d,C:\\TA\\project-ta\\data_spliting\\test_set_obf\\String_Concatenation\\malicious\\2523.ps1,10,Malicious,Malicious,TP,Rule 91810: Powershell script may be executing suspicious code with CreateThread API
2026-07-06T02:31:49.069+0000,78ad862c-dcb4-4be4-bcf1-a2e7cc2205f3,C:\\TA\\project-ta\\data_spliting\\test_set_obf\\String_Concatenation\\malicious\\2633.ps1,10,Malicious,Malicious,TP,Rule 91810: Powershell script may be executing suspicious code with CreateThread API
2026-07-06T02:31:50.173+0000,a1743dbb-b003-4029-a7dd-ecfdc854bf10,C:\\TA\\project-ta\\data_spliting\\test_set_obf\\String_Concatenation\\malicious\\2653.ps1,10,Malicious,Malicious,TP,Rule 91810: Powershell script may be executing suspicious code with CreateThread API
2026-07-06T02:31:51.434+0000,3c365952-7a72-4196-8679-30a069c5606c,C:\\TA\\project-ta\\data_spliting\\test_set_obf\\String_Concatenation\\malicious\\2661.ps1,10,Malicious,Malicious,TP,Rule 91810: Powershell script may be executing suspicious code with CreateThread API
2026-07-06T02:31:53.015+0000,2ea35a36-1684-4704-9faf-9c318a18b204,C:\\TA\\project-ta\\data_spliting\\test_set_obf\\String_Concatenation\\malicious\\2672.ps1,10,Malicious,Malicious,TP,Rule 91810: Powershell script may be executing suspicious code with CreateThread API
2026-07-06T02:31:54.056+0000,22fe9c08-e1c3-4078-a2d3-6b0484faa7c1,C:\\TA\\project-ta\\data_spliting\\test_set_obf\\String_Concatenation\\malicious\\2691.ps1,10,Malicious,Malicious,TP,Rule 91810: Powershell script may be executing suspicious code with CreateThread API
2026-07-06T02:31:55.490+0000,f993005f-6fea-4ce7-8e01-9853c109d8d0,C:\\TA\\project-ta\\data_spliting\\test_set_obf\\String_Concatenation\\malicious\\2698.ps1,10,Malicious,Malicious,TP,Rule 91810: Powershell script may be executing suspicious code with CreateThread API
2026-07-06T02:31:56.514+0000,a3f156f7-1adb-4ff6-b28d-132ade62a039,C:\\TA\\project-ta\\data_spliting\\test_set_obf\\String_Concatenation\\malicious\\2704.ps1,10,Malicious,Malicious,TP,Rule 91810: Powershell script may be executing suspicious code with CreateThread API
2026-07-06T02:31:57.927+0000,fa4f8151-690e-424c-b45f-86f92bfa3f54,C:\\TA\\project-ta\\data_spliting\\test_set_obf\\String_Concatenation\\malicious\\2705.ps1,10,Malicious,Malicious,TP,Rule 91810: Powershell script may be executing suspicious code with CreateThread API
2026-07-06T02:31:58.875+0000,1bfdd59f-fd45-456e-94ab-b3fdacfa51c8,C:\\TA\\project-ta\\data_spliting\\test_set_obf\\String_Concatenation\\malicious\\2725.ps1,10,Malicious,Malicious,TP,Rule 91810: Powershell script may be executing suspicious code with CreateThread API
2026-07-06T02:31:58.969+0000,87fca8a5-322f-43cd-8f7e-c35742f5b8c3,C:\\TA\\project-ta\\data_spliting\\test_set_obf\\String_Concatenation\\malicious\\2734.ps1,10,Malicious,Malicious,TP,Rule 91810: Powershell script may be executing suspicious code with CreateThread API
2026-07-06T02:32:00.372+0000,4746ab25-34fc-4385-a0fd-4b9f836bbe48,C:\\TA\\project-ta\\data_spliting\\test_set_obf\\String_Concatenation\\malicious\\2739.ps1,10,Malicious,Malicious,TP,Rule 91810: Powershell script may be executing suspicious code with CreateThread API
2026-07-06T02:32:01.331+0000,2f3825bd-b2ce-4341-93bc-13df70167afa,C:\\TA\\project-ta\\data_spliting\\test_set_obf\\String_Concatenation\\malicious\\2740.ps1,10,Malicious,Malicious,TP,Rule 91810: Powershell script may be executing suspicious code with CreateThread API
2026-07-06T02:32:03.674+0000,9ce92946-b0cd-4efc-aed0-95f0086fa64b,C:\\TA\\project-ta\\data_spliting\\test_set_obf\\String_Concatenation\\malicious\\2816.ps1,10,Malicious,Malicious,TP,Rule 91810: Powershell script may be executing suspicious code with CreateThread API
2026-07-06T02:32:03.735+0000,5d4bae07-5adf-48b9-a547-8b7feac8a9d6,C:\\TA\\project-ta\\data_spliting\\test_set_obf\\String_Concatenation\\malicious\\2822.ps1,4,Benign,Malicious,FN,"Rule 91837: Powershell executed ""Get-Content -Stream or Invoke-Expresion"". Possible string execution as code"
2026-07-06T02:32:05.086+0000,170657f0-bfbd-4a77-85f7-b7af689b4445,C:\\TA\\project-ta\\data_spliting\\test_set_obf\\String_Concatenation\\malicious\\2832.ps1,10,Malicious,Malicious,TP,Rule 91810: Powershell script may be executing suspicious code with CreateThread API
2026-07-06T02:32:06.052+0000,5a1f4106-1630-426b-8397-4772d96a9008,C:\\TA\\project-ta\\data_spliting\\test_set_obf\\String_Concatenation\\malicious\\2846.ps1,10,Malicious,Malicious,TP,Rule 91810: Powershell script may be executing suspicious code with CreateThread API
2026-07-06T02:32:06.154+0000,c67d1807-3763-444e-a5c4-de61580d7461,C:\\TA\\project-ta\\data_spliting\\test_set_obf\\String_Concatenation\\malicious\\2857.ps1,10,Malicious,Malicious,TP,Rule 91810: Powershell script may be executing suspicious code with CreateThread API
2026-07-06T02:32:07.641+0000,9d3b381f-d990-4350-aaf5-962ade68f8a5,C:\\TA\\project-ta\\data_spliting\\test_set_obf\\String_Concatenation\\malicious\\2867.ps1,10,Malicious,Malicious,TP,Rule 91810: Powershell script may be executing suspicious code with CreateThread API
2026-07-06T02:32:08.594+0000,d5b7568a-8b69-44ba-a4d7-2ae9e762e28f,C:\\TA\\project-ta\\data_spliting\\test_set_obf\\String_Concatenation\\malicious\\287.ps1,10,Malicious,Malicious,TP,Rule 91810: Powershell script may be executing suspicious code with CreateThread API
2026-07-06T02:32:08.688+0000,116fc65d-a720-4093-a7ff-2d5b93e5432d,C:\\TA\\project-ta\\data_spliting\\test_set_obf\\String_Concatenation\\malicious\\2873.ps1,10,Malicious,Malicious,TP,Rule 91810: Powershell script may be executing suspicious code with CreateThread API
2026-07-06T02:32:10.224+0000,9c8eb2a4-f0f0-4fb4-86b4-2c19ca2c43ab,C:\\TA\\project-ta\\data_spliting\\test_set_obf\\String_Concatenation\\malicious\\2883.ps1,10,Malicious,Malicious,TP,Rule 91810: Powershell script may be executing suspicious code with CreateThread API
2026-07-06T02:32:12.459+0000,a00ad6f0-2bb3-4cc8-b9cc-59245518a5b5,C:\\TA\\project-ta\\data_spliting\\test_set_obf\\String_Concatenation\\malicious\\2950.ps1,10,Malicious,Malicious,TP,Rule 91810: Powershell script may be executing suspicious code with CreateThread API
2026-07-06T02:32:13.443+0000,5aa316ec-ce87-49d2-a3dc-8c9db242ac7b,C:\\TA\\project-ta\\data_spliting\\test_set_obf\\String_Concatenation\\malicious\\2951.ps1,10,Malicious,Malicious,TP,Rule 91810: Powershell script may be executing suspicious code with CreateThread API
2026-07-06T02:32:13.507+0000,40d329ae-ea3f-49de-9df5-373442ceec05,C:\\TA\\project-ta\\data_spliting\\test_set_obf\\String_Concatenation\\malicious\\2963.ps1,10,Malicious,Malicious,TP,Rule 91810: Powershell script may be executing suspicious code with CreateThread API
2026-07-06T02:32:14.845+0000,da482f1b-a5f4-46ab-861d-634fd5de2b55,C:\\TA\\project-ta\\data_spliting\\test_set_obf\\String_Concatenation\\malicious\\2975.ps1,10,Malicious,Malicious,TP,Rule 91810: Powershell script may be executing suspicious code with CreateThread API
2026-07-06T02:32:15.943+0000,f5baf198-5d5b-4698-b1f4-6466dac38c40,C:\\TA\\project-ta\\data_spliting\\test_set_obf\\String_Concatenation\\malicious\\3007.ps1,10,Malicious,Malicious,TP,Rule 91810: Powershell script may be executing suspicious code with CreateThread API
2026-07-06T02:32:18.357+0000,b240c021-a666-48a3-a1c4-c0fe54d2030a,C:\\TA\\project-ta\\data_spliting\\test_set_obf\\String_Concatenation\\malicious\\3030.ps1,10,Malicious,Malicious,TP,Rule 91810: Powershell script may be executing suspicious code with CreateThread API
2026-07-06T02:32:19.762+0000,f0e11956-4092-4f4d-89df-6ddcf9071e7d,C:\\TA\\project-ta\\data_spliting\\test_set_obf\\String_Concatenation\\malicious\\305.ps1,10,Malicious,Malicious,TP,Rule 91810: Powershell script may be executing suspicious code with CreateThread API
2026-07-06T02:32:22.252+0000,c3ff0c38-9f4b-447d-bf43-9a3430fe956a,C:\\TA\\project-ta\\data_spliting\\test_set_obf\\String_Concatenation\\malicious\\3113.ps1,10,Malicious,Malicious,TP,Rule 91810: Powershell script may be executing suspicious code with CreateThread API
2026-07-06T02:32:22.360+0000,eabdbce7-a953-4761-b9c7-f1471ede199a,C:\\TA\\project-ta\\data_spliting\\test_set_obf\\String_Concatenation\\malicious\\3145.ps1,10,Malicious,Malicious,TP,Rule 91810: Powershell script may be executing suspicious code with CreateThread API
2026-07-06T02:32:24.685+0000,698b10ce-0053-4e49-ab3b-7e8316529cfe,C:\\TA\\project-ta\\data_spliting\\test_set_obf\\String_Concatenation\\malicious\\3163.ps1,10,Malicious,Malicious,TP,Rule 91810: Powershell script may be executing suspicious code with CreateThread API
2026-07-06T02:32:27.196+0000,617f45f1-d825-42cd-a5c0-3f12bf950784,C:\\TA\\project-ta\\data_spliting\\test_set_obf\\String_Concatenation\\malicious\\3207.ps1,10,Malicious,Malicious,TP,Rule 91810: Powershell script may be executing suspicious code with CreateThread API
2026-07-06T02:32:28.582+0000,d8505161-041d-4a43-8d19-25d0bc530f75,C:\\TA\\project-ta\\data_spliting\\test_set_obf\\String_Concatenation\\malicious\\3212.ps1,10,Malicious,Malicious,TP,Rule 91810: Powershell script may be executing suspicious code with CreateThread API
2026-07-06T02:32:29.580+0000,942de578-3bd2-49dc-9237-4127843d4930,C:\\TA\\project-ta\\data_spliting\\test_set_obf\\String_Concatenation\\malicious\\3229.ps1,10,Malicious,Malicious,TP,Rule 91810: Powershell script may be executing suspicious code with CreateThread API
2026-07-06T02:32:30.986+0000,5aee8533-0c54-494e-b4a1-72bf7a0dceb9,C:\\TA\\project-ta\\data_spliting\\test_set_obf\\String_Concatenation\\malicious\\3231.ps1,10,Malicious,Malicious,TP,Rule 91810: Powershell script may be executing suspicious code with CreateThread API
2026-07-06T02:32:31.938+0000,0ce7b8c8-be17-46b5-b6bf-b34b211d92ad,C:\\TA\\project-ta\\data_spliting\\test_set_obf\\String_Concatenation\\malicious\\3241.ps1,10,Malicious,Malicious,TP,Rule 91810: Powershell script may be executing suspicious code with CreateThread API
2026-07-06T02:32:32.018+0000,9183a3fa-1fde-44c3-a6ab-4f9f548b0221,C:\\TA\\project-ta\\data_spliting\\test_set_obf\\String_Concatenation\\malicious\\3243.ps1,10,Malicious,Malicious,TP,Rule 91810: Powershell script may be executing suspicious code with CreateThread API
2026-07-06T02:32:34.316+0000,26af9dbd-07eb-4372-bd5f-b37f1c2e283e,C:\\TA\\project-ta\\data_spliting\\test_set_obf\\String_Concatenation\\malicious\\3261.ps1,10,Malicious,Malicious,TP,Rule 91810: Powershell script may be executing suspicious code with CreateThread API
2026-07-06T02:32:34.408+0000,a5326327-aaea-4f61-9fae-5f287e0845d6,C:\\TA\\project-ta\\data_spliting\\test_set_obf\\String_Concatenation\\malicious\\3272.ps1,10,Malicious,Malicious,TP,Rule 91810: Powershell script may be executing suspicious code with CreateThread API
2026-07-06T02:32:36.782+0000,208597e0-4bbd-459b-aa08-5e2bf54a9047,C:\\TA\\project-ta\\data_spliting\\test_set_obf\\String_Concatenation\\malicious\\3282.ps1,4,Benign,Malicious,FN,"Rule 91837: Powershell executed ""Get-Content -Stream or Invoke-Expresion"". Possible string execution as code"
2026-07-06T02:32:39.175+0000,17b58bc0-c21a-4ca3-9314-85d7135395f4,C:\\TA\\project-ta\\data_spliting\\test_set_obf\\String_Concatenation\\malicious\\3315.ps1,10,Malicious,Malicious,TP,Rule 91810: Powershell script may be executing suspicious code with CreateThread API
2026-07-06T02:32:40.434+0000,a518841b-98a5-4ebc-b8fa-0f9a22d33879,C:\\TA\\project-ta\\data_spliting\\test_set_obf\\String_Concatenation\\malicious\\3318.ps1,4,Benign,Malicious,FN,"Rule 91837: Powershell executed ""Get-Content -Stream or Invoke-Expresion"". Possible string execution as code"
2026-07-06T02:32:42.850+0000,09e73ffc-dbc3-44a9-b7b7-a90cdef24557,C:\\TA\\project-ta\\data_spliting\\test_set_obf\\String_Concatenation\\malicious\\334.ps1,10,Malicious,Malicious,TP,Rule 91810: Powershell script may be executing suspicious code with CreateThread API
2026-07-06T02:32:46.245+0000,ec46eb6c-2cf2-4043-84b9-57426f7576b4,C:\\TA\\project-ta\\data_spliting\\test_set_obf\\String_Concatenation\\malicious\\3385.ps1,10,Malicious,Malicious,TP,Rule 91810: Powershell script may be executing suspicious code with CreateThread API
2026-07-06T02:32:46.321+0000,81d6fe1d-7ee3-4d4d-814d-489a79a97fc2,C:\\TA\\project-ta\\data_spliting\\test_set_obf\\String_Concatenation\\malicious\\3394.ps1,10,Malicious,Malicious,TP,Rule 91810: Powershell script may be executing suspicious code with CreateThread API
2026-07-06T02:32:47.727+0000,ad7016cf-f2ab-40bd-8893-c9634f65ebc5,C:\\TA\\project-ta\\data_spliting\\test_set_obf\\String_Concatenation\\malicious\\3420.ps1,4,Benign,Malicious,FN,"Rule 91837: Powershell executed ""Get-Content -Stream or Invoke-Expresion"". Possible string execution as code"
2026-07-06T02:32:48.687+0000,b6e98261-4e48-4897-8fa4-1461a5df377c,C:\\TA\\project-ta\\data_spliting\\test_set_obf\\String_Concatenation\\malicious\\3462.ps1,4,Benign,Malicious,FN,"Rule 91837: Powershell executed ""Get-Content -Stream or Invoke-Expresion"". Possible string execution as code"
2026-07-06T02:32:51.064+0000,c7de708a-1b0a-4de6-99b1-b46a09dbe7ee,C:\\TA\\project-ta\\data_spliting\\test_set_obf\\String_Concatenation\\malicious\\3467.ps1,14,Malicious,Malicious,TP,Rule 91803: Screen capture method invoked from PowerShell script.
2026-07-06T02:32:52.545+0000,327cc42c-0e24-4bd8-acdc-2ef8d8bfab99,C:\\TA\\project-ta\\data_spliting\\test_set_obf\\String_Concatenation\\malicious\\3480.ps1,4,Benign,Malicious,FN,"Rule 91837: Powershell executed ""Get-Content -Stream or Invoke-Expresion"". Possible string execution as code"
2026-07-06T02:32:53.530+0000,5bc8a2b2-496a-45c7-a7cf-5e14ff8ace55,C:\\TA\\project-ta\\data_spliting\\test_set_obf\\String_Concatenation\\malicious\\3485.ps1,10,Malicious,Malicious,TP,Rule 91810: Powershell script may be executing suspicious code with CreateThread API
2026-07-06T02:32:55.003+0000,4c532435-39e8-45e2-ac8f-011eda7962ee,C:\\TA\\project-ta\\data_spliting\\test_set_obf\\String_Concatenation\\malicious\\3507.ps1,4,Benign,Malicious,FN,"Rule 91837: Powershell executed ""Get-Content -Stream or Invoke-Expresion"". Possible string execution as code"
2026-07-06T02:32:55.970+0000,b4c72223-51bf-4968-afd2-648f81e57e13,C:\\TA\\project-ta\\data_spliting\\test_set_obf\\String_Concatenation\\malicious\\3514.ps1,10,Malicious,Malicious,TP,Rule 91810: Powershell script may be executing suspicious code with CreateThread API
2026-07-06T02:32:56.073+0000,5c9fcf43-1104-41b5-9d80-565de5a765ee,C:\\TA\\project-ta\\data_spliting\\test_set_obf\\String_Concatenation\\malicious\\3559.ps1,10,Malicious,Malicious,TP,Rule 91810: Powershell script may be executing suspicious code with CreateThread API
2026-07-06T02:32:59.800+0000,46352979-d225-4c9a-8bf8-bd093b0ff4b2,C:\\TA\\project-ta\\data_spliting\\test_set_obf\\String_Concatenation\\malicious\\3589.ps1,10,Malicious,Malicious,TP,Rule 91810: Powershell script may be executing suspicious code with CreateThread API
2026-07-06T02:33:01.437+0000,eb87b7f7-223e-4ad7-b525-ece0f3f5a9d7,C:\\TA\\project-ta\\data_spliting\\test_set_obf\\String_Concatenation\\malicious\\3611.ps1,10,Malicious,Malicious,TP,Rule 91810: Powershell script may be executing suspicious code with CreateThread API
2026-07-06T02:33:02.342+0000,5dc9003b-6ed6-41e9-8a0e-53fccfc6a04e,C:\\TA\\project-ta\\data_spliting\\test_set_obf\\String_Concatenation\\malicious\\3646.ps1,10,Malicious,Malicious,TP,Rule 91810: Powershell script may be executing suspicious code with CreateThread API
2026-07-06T02:33:02.418+0000,0f8a7e60-b999-40e2-a093-497710b4f90e,C:\\TA\\project-ta\\data_spliting\\test_set_obf\\String_Concatenation\\malicious\\3652.ps1,10,Malicious,Malicious,TP,Rule 91810: Powershell script may be executing suspicious code with CreateThread API
2026-07-06T02:33:04.814+0000,f0606dc4-ffc0-4313-b2c5-709a7d6d42c3,C:\\TA\\project-ta\\data_spliting\\test_set_obf\\String_Concatenation\\malicious\\3667.ps1,10,Malicious,Malicious,TP,Rule 91810: Powershell script may be executing suspicious code with CreateThread API
2026-07-06T02:33:04.889+0000,5c13038e-875a-42a8-8a8a-8008560780b6,C:\\TA\\project-ta\\data_spliting\\test_set_obf\\String_Concatenation\\malicious\\368.ps1,10,Malicious,Malicious,TP,Rule 91810: Powershell script may be executing suspicious code with CreateThread API
2026-07-06T02:33:10.155+0000,3422aa7f-b14d-4ccc-8043-549a78caff34,C:\\TA\\project-ta\\data_spliting\\test_set_obf\\String_Concatenation\\malicious\\3765.ps1,10,Malicious,Malicious,TP,Rule 91810: Powershell script may be executing suspicious code with CreateThread API
2026-07-06T02:33:11.219+0000,14d23ca9-4a6d-4cbe-a011-3686c53f1b3b,C:\\TA\\project-ta\\data_spliting\\test_set_obf\\String_Concatenation\\malicious\\3795.ps1,10,Malicious,Malicious,TP,Rule 91810: Powershell script may be executing suspicious code with CreateThread API
2026-07-06T02:33:12.557+0000,f06237a2-51b6-4335-a2fb-c34c548c7735,C:\\TA\\project-ta\\data_spliting\\test_set_obf\\String_Concatenation\\malicious\\380.ps1,10,Malicious,Malicious,TP,Rule 91810: Powershell script may be executing suspicious code with CreateThread API
2026-07-06T02:33:13.562+0000,4e38b0df-2d59-4fa3-ab08-f9b563d39b30,C:\\TA\\project-ta\\data_spliting\\test_set_obf\\String_Concatenation\\malicious\\3832.ps1,4,Benign,Malicious,FN,"Rule 91837: Powershell executed ""Get-Content -Stream or Invoke-Expresion"". Possible string execution as code"
2026-07-06T02:33:14.856+0000,a2bda8ff-da74-44f3-959a-15eab83725f0,C:\\TA\\project-ta\\data_spliting\\test_set_obf\\String_Concatenation\\malicious\\3845.ps1,10,Malicious,Malicious,TP,Rule 91810: Powershell script may be executing suspicious code with CreateThread API
2026-07-06T02:33:15.923+0000,87d83dc0-f7b7-45b8-9227-63d47feb4a27,C:\\TA\\project-ta\\data_spliting\\test_set_obf\\String_Concatenation\\malicious\\3852.ps1,10,Malicious,Malicious,TP,Rule 91810: Powershell script may be executing suspicious code with CreateThread API
2026-07-06T02:33:19.230+0000,f9d59e1c-abdd-40c0-95d8-989a01e6dfde,C:\\TA\\project-ta\\data_spliting\\test_set_obf\\String_Concatenation\\malicious\\3973.ps1,10,Malicious,Malicious,TP,Rule 91810: Powershell script may be executing suspicious code with CreateThread API
2026-07-06T02:33:19.278+0000,40df8949-cd77-4ec6-85c5-7462011ca030,C:\\TA\\project-ta\\data_spliting\\test_set_obf\\String_Concatenation\\malicious\\3998.ps1,10,Malicious,Malicious,TP,Rule 91810: Powershell script may be executing suspicious code with CreateThread API
2026-07-06T02:33:21.568+0000,c2db4fbf-8486-457b-a7cd-91f30922f2de,C:\\TA\\project-ta\\data_spliting\\test_set_obf\\String_Concatenation\\malicious\\4021.ps1,10,Malicious,Malicious,TP,Rule 91810: Powershell script may be executing suspicious code with CreateThread API
2026-07-06T02:33:24.057+0000,c2e840b3-c57a-4da6-aa54-4765a4921240,C:\\TA\\project-ta\\data_spliting\\test_set_obf\\String_Concatenation\\malicious\\410.ps1,10,Malicious,Malicious,TP,Rule 91810: Powershell script may be executing suspicious code with CreateThread API
2026-07-06T02:33:24.100+0000,1ccdeb45-4fa6-414e-8b12-e1771b1e217b,C:\\TA\\project-ta\\data_spliting\\test_set_obf\\String_Concatenation\\malicious\\419.ps1,10,Malicious,Malicious,TP,Rule 91810: Powershell script may be executing suspicious code with CreateThread API
2026-07-06T02:33:25.404+0000,21184c64-232a-4667-8f4a-f1d714bb3fe5,C:\\TA\\project-ta\\data_spliting\\test_set_obf\\String_Concatenation\\malicious\\432.ps1,4,Benign,Malicious,FN,"Rule 91837: Powershell executed ""Get-Content -Stream or Invoke-Expresion"". Possible string execution as code"
2026-07-06T02:33:26.585+0000,efd434c8-f46d-4040-a71b-c07070287a4b,C:\\TA\\project-ta\\data_spliting\\test_set_obf\\String_Concatenation\\malicious\\444.ps1,10,Malicious,Malicious,TP,Rule 91810: Powershell script may be executing suspicious code with CreateThread API
2026-07-06T02:33:27.515+0000,7bff7651-1931-42db-b7aa-53a772476c27,C:\\TA\\project-ta\\data_spliting\\test_set_obf\\String_Concatenation\\malicious\\452.ps1,10,Malicious,Malicious,TP,Rule 91810: Powershell script may be executing suspicious code with CreateThread API
2026-07-06T02:33:28.930+0000,3d178e76-cb30-41f8-846f-9e0fd5d15879,C:\\TA\\project-ta\\data_spliting\\test_set_obf\\String_Concatenation\\malicious\\454.ps1,10,Malicious,Malicious,TP,Rule 91810: Powershell script may be executing suspicious code with CreateThread API
2026-07-06T02:33:30.035+0000,e67da96e-d9ee-4371-bdc9-037d50c79727,C:\\TA\\project-ta\\data_spliting\\test_set_obf\\String_Concatenation\\malicious\\481.ps1,10,Malicious,Malicious,TP,Rule 91810: Powershell script may be executing suspicious code with CreateThread API
2026-07-06T02:33:31.367+0000,94b77f1f-dc1b-4b96-8961-4ac75ea9cd97,C:\\TA\\project-ta\\data_spliting\\test_set_obf\\String_Concatenation\\malicious\\52.ps1,10,Malicious,Malicious,TP,Rule 91810: Powershell script may be executing suspicious code with CreateThread API
2026-07-06T02:33:32.463+0000,645101af-c80a-4f44-9d3f-7cc42deba046,C:\\TA\\project-ta\\data_spliting\\test_set_obf\\String_Concatenation\\malicious\\530.ps1,4,Benign,Malicious,FN,"Rule 91837: Powershell executed ""Get-Content -Stream or Invoke-Expresion"". Possible string execution as code"
2026-07-06T02:33:35.357+0000,1bf0c0b7-0280-4d1b-92af-36cbb6a5f1cd,C:\\TA\\project-ta\\data_spliting\\test_set_obf\\String_Concatenation\\malicious\\569.ps1,10,Malicious,Malicious,TP,Rule 91810: Powershell script may be executing suspicious code with CreateThread API
2026-07-06T02:33:36.329+0000,eb744915-04b2-4fb9-b5ac-5fe565ff292e,C:\\TA\\project-ta\\data_spliting\\test_set_obf\\String_Concatenation\\malicious\\593.ps1,10,Malicious,Malicious,TP,Rule 91810: Powershell script may be executing suspicious code with CreateThread API
2026-07-06T02:33:36.390+0000,ea46d960-9567-4463-9157-2822eac3b34a,C:\\TA\\project-ta\\data_spliting\\test_set_obf\\String_Concatenation\\malicious\\597.ps1,10,Malicious,Malicious,TP,Rule 91810: Powershell script may be executing suspicious code with CreateThread API
2026-07-06T02:33:37.727+0000,816e5440-1443-4fa6-bc5d-a2588758039f,C:\\TA\\project-ta\\data_spliting\\test_set_obf\\String_Concatenation\\malicious\\598.ps1,10,Malicious,Malicious,TP,Rule 91810: Powershell script may be executing suspicious code with CreateThread API
2026-07-06T02:33:38.719+0000,01d938ff-11b3-433b-9646-43cc4b3c4b3e,C:\\TA\\project-ta\\data_spliting\\test_set_obf\\String_Concatenation\\malicious\\61.ps1,10,Malicious,Malicious,TP,Rule 91810: Powershell script may be executing suspicious code with CreateThread API
2026-07-06T02:33:39.718+0000,fe9ac6e2-89e0-4455-9ae0-a0184197aa78,C:\\TA\\project-ta\\data_spliting\\test_set_obf\\String_Concatenation\\malicious\\619.ps1,10,Malicious,Malicious,TP,Rule 91810: Powershell script may be executing suspicious code with CreateThread API
2026-07-06T02:33:39.838+0000,7e347c3c-975b-457f-bbc3-d40dd319105e,C:\\TA\\project-ta\\data_spliting\\test_set_obf\\String_Concatenation\\malicious\\629.ps1,10,Malicious,Malicious,TP,Rule 91810: Powershell script may be executing suspicious code with CreateThread API
2026-07-06T02:33:42.207+0000,c01bfb0b-63fc-4302-8a56-8ced644c0b55,C:\\TA\\project-ta\\data_spliting\\test_set_obf\\String_Concatenation\\malicious\\680.ps1,10,Malicious,Malicious,TP,Rule 91810: Powershell script may be executing suspicious code with CreateThread API
2026-07-06T02:33:47.334+0000,1299c043-88d7-4dd3-9f83-a40e4fd1b621,C:\\TA\\project-ta\\data_spliting\\test_set_obf\\String_Concatenation\\malicious\\82.ps1,10,Malicious,Malicious,TP,Rule 91810: Powershell script may be executing suspicious code with CreateThread API
2026-07-06T02:33:48.415+0000,e6bbaab2-c811-4136-bd6c-1b45c133d75d,C:\\TA\\project-ta\\data_spliting\\test_set_obf\\String_Concatenation\\malicious\\870.ps1,10,Malicious,Malicious,TP,Rule 91810: Powershell script may be executing suspicious code with CreateThread API
2026-07-06T02:33:50.745+0000,09cb5b24-025b-4678-9c54-57eb991a725c,C:\\TA\\project-ta\\data_spliting\\test_set_obf\\String_Concatenation\\malicious\\891.ps1,10,Malicious,Malicious,TP,Rule 91810: Powershell script may be executing suspicious code with CreateThread API
2026-07-06T02:33:52.492+0000,399b2ddf-5a2a-43c0-8ca0-847d8e2fcffe,C:\\TA\\project-ta\\data_spliting\\test_set_obf\\String_Concatenation\\malicious\\991.ps1,4,Benign,Malicious,FN,"Rule 91837: Powershell executed ""Get-Content -Stream or Invoke-Expresion"". Possible string execution as code"
